Whole Person Physiome Table for Endocrine System,,,,,,,,,,,,,,,,,,,,,,,,,,,,,,,,,,,,,,,,,,,,,,,,,,,,,,,,,,,,,,,,,,,,,,,,,,,,,,,,,,,,,,,,,,,,,,,,,,,,,
,,,,,,,,,,,,,,,,,,,,,,,,,,,,,,,,,,,,,,,,,,,,,,,,,,,,,,,,,,,,,,,,,,,,,,,,,,,,,,,,,,,,,,,,,,,,,,,,,,,,,
Author Name(s):,Jacob C. Scherba,Minyan Zhu,,,,,,,,,,,,,,,,,,,,,,,,,,,,,,,,,,,,,,,,,,,,,,,,,,,,,,,,,,,,,,,,,,,,,,,,,,,,,,,,,,,,,,,,,,,,,,,,,,,
Author ORCID(s):,0000-0001-8187-0507,0000-0002-1868-3896,,,,,,,,,,,,,,,,,,,,,,,,,,,,,,,,,,,,,,,,,,,,,,,,,,,,,,,,,,,,,,,,,,,,,,,,,,,,,,,,,,,,,,,,,,,,,,,,,,,
Reviewer Name(s):,Rebecca Wells,,,,,,,,,,,,,,,,,,,,,,,,,,,,,,,,,,,,,,,,,,,,,,,,,,,,,,,,,,,,,,,,,,,,,,,,,,,,,,,,,,,,,,,,,,,,,,,,,,,,
Reviewer ORCID(s):,0000-0002-6988-4102,,,,,,,,,,,,,,,,,,,,,,,,,,,,,,,,,,,,,,,,,,,,,,,,,,,,,,,,,,,,,,,,,,,,,,,,,,,,,,,,,,,,,,,,,,,,,,,,,,,,
General Publication(s):,,,,,,,,,,,,,,,,,,,,,,,,,,,,,,,,,,,,,,,,,,,,,,,,,,,,,,,,,,,,,,,,,,,,,,,,,,,,,,,,,,,,,,,,,,,,,,,,,,,,,
Data DOI:,,,,,,,,,,,,,,,,,,,,,,,,,,,,,,,,,,,,,,,,,,,,,,,,,,,,,,,,,,,,,,,,,,,,,,,,,,,,,,,,,,,,,,,,,,,,,,,,,,,,,
Date:,8/7/2026,,,,,,,,,,,,,,,,,,,,,,,,,,,,,,,,,,,,,,,,,,,,,,,,,,,,,,,,,,,,,,,,,,,,,,,,,,,,,,,,,,,,,,,,,,,,,,,,,,,,
Version Number:,v1.0,,,,,,,,,,,,,,,,,,,,,,,,,,,,,,,,,,,,,,,,,,,,,,,,,,,,,,,,,,,,,,,,,,,,,,,,,,,,,,,,,,,,,,,,,,,,,,,,,,,,
Physiological Function,,,,,,,,,,,,,,,,,,,,,,,,,Physiological Process,,,,,,,,,,,,,,,,,,,,,,,,Scales of Effect,,,Clinical Metrics,,,,,,,,,,,,Interacting Functions,,,,,,,,,,,,Reference Material,,,,,,,,,,,,Common Data Elements,,,,,,,,,,,,,
"List physiological functions as a hierarchy, starting with the body system in Function/1 (this should be the same as the table name), a major life function in Function/2, and more specific functions in subsequent columns. Add more columns if needed. Place limited explanatory text if needed in FunctionNotes. Each function should include a ID from Gene Ontology (GO) if possible or another standard ontology. The LABEL column is the label for that ID as it appears in that ontology.",,,,,,,,,,,,,,,,,,,,,,,,,"Provide a very brief description (a few words) of the specific processes that occur during the corresponding function (e.g., a chemical reaction, physical change, feedback loop, etc.) in the Process column. Enter whether the Effector is a cell, tissue, or organ. Provide the anatomical location of the Effector in EffectorLocation along with the associated UBERON ID, if avaialble. Enter the Effector and its UBERON ID in the following columns. See Glossary for detailed instructions on tabulating the Signal, Effect, Behavior, Behavior X, Behavior Y, and X Target columns.",,,,,,,,,,,,,,,,,,,,,,,Enter notes here from primary texts on quantitative information available for the processes denoted to the left,"Indicate the time scale category for this process: milliseconds, seconds, minutes, hours, days, weeks, years.","Indicate the signal scale category for this process: autocrine, paracrine, intra-organ, circulatory, systemic","Indicate the signal scale category for this process: autocrine, paracrine, intra-organ, circulatory, systemic","OPTIONAL FOR NOW. List clinical measures, such as laboratory tests, vital signs, or radiology studies, related to the physiological function. These columns are simple lists and are NOT hierarchical. Include an ID for the measurement, such as a LOINC code, if known. Add more columns if needed.",,,,,,,,,,,,"OPTIONAL FOR NOW. List other interacting physiological functions. These columns are simple lists and NOT hierarchical. Add more columns if needed. For the LABEL and ID columns, use Gene Ontology (GO) if possible.",,,,,,,,,,,,"REQUIRED. Enter references in support of the information on this row. The ID column should include a standard identifier, such as a DOI or ISBN. The optional CHAPTER column should be used to list the relevant chapters in a book. The optional NOTES column can be used to clarify which part of the row the reference is for, such as a reference about the anatomical structures involved in the function rather than the interactions. Add more sets of reference columns if needed, making sure to include the ID column.",,,,,,,,,,,,"REQUIRED IF AVAILABLE. For each row, enter any corresponding common data elements (CDEs) that relate to the process.  Add more sets of CDE columns if needed, making sure to include the ID column.",,,,,,,,,,,,,
Function/1,Function/1/LABEL,Function/1/ID,Function/2,Function/2/LABEL,Function/2/ID,Function/3,Function/3/LABEL,Function/3/ID,Function/4,Function/4/LABEL,Function/4/ID,Function/5,Function/5/LABEL,Function/5/ID,Function/6,Function/6/LABEL,Function/6/ID,Function/7,Function/7/LABEL,Function/7/ID,Function/8,Function/8/LABEL,Function/8/ID,FunctionNotes,Process,EffectorScale,EffectorLocation,EffectorLocation/LABEL,EffectorLocation/ID,Effector,Effector/LABEL,Effector/ID,Signal,Signal/LABEL,Signal/ID,Effect,Behavior,Behavior X,Behavior X/LABEL,Behavior X/ID,Behavior Y,Behavior Y/LABEL,Behavior Y/ID,Behavior Z,Behavior Z/LABEL,Behavior Z/ID,X Target,QuantitativeNotes,TimeScale,SignalScale,EffectScale,ClinicalMeasure/1,ClinicalMeasure/1/LABEL,ClinicalMeasure/1/ID,ClinicalMeasure/2,ClinicalMeasure/2/LABEL,ClinicalMeasure/2/ID,ClinicalMeasure/3,ClinicalMeasure/3/LABEL,ClinicalMeasure/3/ID,ClinicalMeasure/4,ClinicalMeasure/4/LABEL,ClinicalMeasure/4/ID,Interaction/1,Interaction/1/LABEL,Interaction/1/ID,Interaction/2,Interaction/2/LABEL,Interaction/2/ID,Interaction/3,Interaction/3/LABEL,Interaction/3/ID,Interaction/4,Interaction/4/LABEL,Interaction/4/ID,REF/1,REF/1/ID,REF/1/CHAPTER,REF/1/NOTES,REF/2,REF/2/ID,REF/2/CHAPTER,REF/2/NOTES,REF/3,REF/3/ID,REF/3/CHAPTER,REF/3/NOTES,CDE/1,CDE/1/ID,CDE/2,CDE/2/ID,CDE/3,CDE/3/ID,CDE/4,CDE/4/ID,CDE/5,CDE/5/ID,CDE/6,CDE/6/ID,CDE/7,CDE/7/ID
fascial system,,,force transmission,response to mechanical stimulus,GO:0009612,myofascial force transmission,response to mechanical stimulus,GO:0009612,lateral and epimuscular load transfer,,,,,,,,,,,,,,,"lateral transmission means a muscle fibre need not span the whole muscle to contribute force, and is why fibre-level and whole-muscle mechanics differ",Intramuscular connective tissue transmits contractile force laterally between fibres,tissue,skeletal muscle tissue,skeletal muscle tissue,UBERON:0001134,endomysium,,,,,,does,transport of X from Y to Z,mechanical force,,,muscle fiber,,,surrounding connective tissue,,,"[0.3, 0.4]",units = fraction of contractile force transmitted laterally rather than through the myotendinous junction,milliseconds-seconds,,intra-organ,shear wave elastography,,,ultrasound fascial thickness,,,range of motion,,,,,,musculoskeletal system,,,mechanical loading,response to mechanical stimulus,GO:0009612,tendon loading,,,,,,,,,,,,,,,,,,,,,,,,,,,,,,,
fascial system,,,force transmission,response to mechanical stimulus,GO:0009612,myofascial force transmission,response to mechanical stimulus,GO:0009612,lateral and epimuscular load transfer,,,,,,,,,,,,,,,,Perimysial sheaths couple adjacent fascicles and carry load toward the muscle surface,tissue,skeletal muscle tissue,skeletal muscle tissue,UBERON:0001134,perimysium,,,,,,does,transport of X from Y to Z,mechanical force,,,muscle fascicle,,,epimysium,,,,"perimysial collagen runs obliquely and reorients with sarcomere length, stiffening progressively as the muscle shortens",milliseconds-seconds,,intra-organ,shear wave elastography,,,ultrasound fascial thickness,,,range of motion,,,,,,musculoskeletal system,,,mechanical loading,response to mechanical stimulus,GO:0009612,tendon loading,,,,,,,,,,,,,,,,,,,,,,,,,,,,,,,
fascial system,,,force transmission,response to mechanical stimulus,GO:0009612,myofascial force transmission,response to mechanical stimulus,GO:0009612,lateral and epimuscular load transfer,,,,,,,,,,,,,,,this is the mechanical evidence for treating fascia as a continuous tensional network rather than as discrete wrappings,Deep fascia transmits load between anatomically separate muscles,tissue,fascia,fascia,UBERON:0007798,deep fascia,,,,,,does,transport of X from Y to Z,mechanical force,,,muscle,,,adjacent muscle,,,,epimuscular transmission; loading one muscle measurably alters the length-force behaviour of its neighbours,milliseconds-seconds,,intra-organ,shear wave elastography,,,ultrasound fascial thickness,,,range of motion,,,,,,musculoskeletal system,,,mechanical loading,response to mechanical stimulus,GO:0009612,tendon loading,,,,,,,,,,,,,,,,,,,,,,,,,,,,,,,
fascial system,,,force transmission,response to mechanical stimulus,GO:0009612,myofascial force transmission,response to mechanical stimulus,GO:0009612,lateral and epimuscular load transfer,,,,,,,,,,,,,,,,Aponeurotic fascia stores elastic energy on loading and returns it during recoil,tissue,fascia,fascia,UBERON:0007798,aponeurotic fascia,,,,,,does,X storage,elastic strain energy,,,,,,,,,,"plantar and thoracolumbar fascia store and return energy across the gait cycle, lowering the metabolic cost of running",milliseconds-seconds,,intra-organ,shear wave elastography,,,ultrasound fascial thickness,,,range of motion,,,,,,musculoskeletal system,,,mechanical loading,response to mechanical stimulus,GO:0009612,tendon loading,,,,,,,,,,,,,,,,,,,,,,,,,,,,,,,
fascial system,,,force transmission,response to mechanical stimulus,GO:0009612,myofascial force transmission,response to mechanical stimulus,GO:0009612,lateral and epimuscular load transfer,,,,,,,,,,,,,,,,,tissue,fascia,fascia,UBERON:0007798,deep fascia,,,fascial stiffness,,,increases,transport of X from Y to Z,mechanical force,,,muscle,,,adjacent muscle,,,,stiffness rises with collagen density and cross-linking and falls with hydration,days,intra-organ,intra-organ,shear wave elastography,,,ultrasound fascial thickness,,,range of motion,,,,,,musculoskeletal system,,,mechanical loading,response to mechanical stimulus,GO:0009612,tendon loading,,,,,,,,,,,,,,,,,,,,,,,,,,,,,,,
fascial system,,,force transmission,response to mechanical stimulus,GO:0009612,myofascial force transmission,response to mechanical stimulus,GO:0009612,lateral and epimuscular load transfer,,,,,,,,,,,,,,,"GRAMMAR NOTE: the endocrine reference set has cell-cell adhesion but no cell-matrix term; this is a coined variant, so fold it back if you would rather not add one","Fascial fibroblasts anchor to the surrounding matrix, becoming mechanically continuous with it",cell,fascia,fascia,UBERON:0007798,fibroblast,fibroblast,CL:0000057,,,,does,cell-matrix adhesion,,,,,,,,,,,integrin-mediated focal adhesions couple the cytoskeleton to the collagen network bidirectionally,minutes-hours,,intra-organ,shear wave elastography,,,ultrasound fascial thickness,,,range of motion,,,,,,musculoskeletal system,,,mechanical loading,response to mechanical stimulus,GO:0009612,tendon loading,,,,,,,,,,,,,,,,,,,,,,,,,,,,,,,
fascial system,,,gliding function,,,interlayer sliding,,,hyaluronan production and lubrication,hyaluronan biosynthetic process,GO:0030213,,,,,,,,,,,,,"described as a distinct fibroblast-like cell type only within the last decade; no Cell Ontology term exists, so the ID is blank",Fasciacytes secrete hyaluronan into the loose connective tissue separating fascial layers,cell,fascia,fascia,UBERON:0007798,fasciacyte,,,,,,does,X secretion,hyaluronan,,,,,,,,,,fasciacytes lie at the interface between dense fascial layers and the loose connective tissue between them,hours-days,,intra-organ,dynamic ultrasound shear strain,,,ultrasound fascial thickness,,,range of motion,,,,,,mechanical loading,response to mechanical stimulus,GO:0009612,densification,,,musculoskeletal system,,,,,,,,,,,,,,,,,,,,,,,,,,,,,,,
fascial system,,,gliding function,,,interlayer sliding,,,hyaluronan production and lubrication,hyaluronan biosynthetic process,GO:0030213,,,,,,,,,,,,,,A hyaluronan-rich fluid layer separates and lubricates adjacent fascial planes,tissue,fascia,fascia,UBERON:0007798,loose connective tissue,,,,,,does,X storage,hyaluronan-rich fluid,,,,,,,,,,the interposed layer is typically a few hundred micrometres thick and permits several millimetres of relative sliding,hours,,intra-organ,dynamic ultrasound shear strain,,,ultrasound fascial thickness,,,range of motion,,,,,,mechanical loading,response to mechanical stimulus,GO:0009612,densification,,,musculoskeletal system,,,,,,,,,,,,,,,,,,,,,,,,,,,,,,,
fascial system,,,gliding function,,,interlayer sliding,,,hyaluronan production and lubrication,hyaluronan biosynthetic process,GO:0030213,,,,,,,,,,,,,,Adjacent fascial layers glide relative to one another during movement,tissue,fascia,fascia,UBERON:0007798,loose connective tissue,,,,,,does,transport of X from Y to Z,shear displacement,,,superficial fascial layer,,,deep fascial layer,,,,interlayer shear strain is measurable on dynamic ultrasound and is reduced in chronic low back pain,seconds,,intra-organ,dynamic ultrasound shear strain,,,ultrasound fascial thickness,,,range of motion,,,,,,mechanical loading,response to mechanical stimulus,GO:0009612,densification,,,musculoskeletal system,,,,,,,,,,,,,,,,,,,,,,,,,,,,,,,
fascial system,,,gliding function,,,interlayer sliding,,,hyaluronan production and lubrication,hyaluronan biosynthetic process,GO:0030213,,,,,,,,,,,,,"densification is distinguished from fibrosis precisely because it is a fluid-phase, reversible change rather than a structural one",,tissue,fascia,fascia,UBERON:0007798,loose connective tissue,,,hyaluronan chain aggregation,,,decreases,transport of X from Y to Z,shear displacement,,,superficial fascial layer,,,deep fascial layer,,,,"densification: hyaluronan aggregates and viscosity rises with no change in collagen content, and the change is reversible",hours-days,intra-organ,intra-organ,dynamic ultrasound shear strain,,,ultrasound fascial thickness,,,range of motion,,,,,,mechanical loading,response to mechanical stimulus,GO:0009612,densification,,,musculoskeletal system,,,,,,,,,,,,,,,,,,,,,,,,,,,,,,,
fascial system,,,gliding function,,,interlayer sliding,,,hyaluronan production and lubrication,hyaluronan biosynthetic process,GO:0030213,,,,,,,,,,,,,,,tissue,fascia,fascia,UBERON:0007798,loose connective tissue,,,temperature,,,increases,transport of X from Y to Z,shear displacement,,,superficial fascial layer,,,deep fascial layer,,,,"hyaluronan viscosity falls with warming and with applied shear, the proposed mechanism of manual and thermal therapy",minutes,intra-organ,intra-organ,dynamic ultrasound shear strain,,,ultrasound fascial thickness,,,range of motion,,,,,,mechanical loading,response to mechanical stimulus,GO:0009612,densification,,,musculoskeletal system,,,,,,,,,,,,,,,,,,,,,,,,,,,,,,,
fascial system,,,gliding function,,,interlayer sliding,,,hyaluronan production and lubrication,hyaluronan biosynthetic process,GO:0030213,,,,,,,,,,,,,,,cell,fascia,fascia,UBERON:0007798,fasciacyte,,,immobilisation,,,decreases,X secretion,hyaluronan,,,,,,,,,,reduced movement lowers hyaluronan turnover and is associated with interlayer adhesion,days,intra-organ,intra-organ,dynamic ultrasound shear strain,,,ultrasound fascial thickness,,,range of motion,,,,,,mechanical loading,response to mechanical stimulus,GO:0009612,densification,,,musculoskeletal system,,,,,,,,,,,,,,,,,,,,,,,,,,,,,,,
fascial system,,,extracellular matrix homeostasis,extracellular matrix organization,GO:0030198,matrix synthesis,collagen fibril organization,GO:0030199,"collagen, elastin and proteoglycan production",,,,,,,,,,,,,,,the slow turnover is why fascial adaptation to training or immobilisation takes months rather than weeks,Fascial fibroblasts secrete the type I collagen that carries tensile load,cell,fascia,fascia,UBERON:0007798,fibroblast,fibroblast,CL:0000057,,,,does,X secretion,type I collagen,,,,,,,,,,type I dominates mature fascia and bears tensile load; fascial collagen half-life is on the order of months to years,days,,intra-organ,shear wave elastography,,,ultrasound fascial thickness,,,collagen cross-link assay,,,,,,mechanical loading,response to mechanical stimulus,GO:0009612,transforming growth factor beta signalling,,,nutritional status,,,ageing,,,,,,,,,,,,,,,,,,,,,,,,,,,,
fascial system,,,extracellular matrix homeostasis,extracellular matrix organization,GO:0030198,matrix synthesis,collagen fibril organization,GO:0030199,"collagen, elastin and proteoglycan production",,,,,,,,,,,,,,,,Type III collagen provides the more compliant fibrillar component,cell,fascia,fascia,UBERON:0007798,fibroblast,fibroblast,CL:0000057,,,,does,X secretion,type III collagen,,,,,,,,,,"thinner, more compliant fibrils; the proportion rises in immature, healing and mechanically unloaded fascia",days,,intra-organ,shear wave elastography,,,ultrasound fascial thickness,,,collagen cross-link assay,,,,,,mechanical loading,response to mechanical stimulus,GO:0009612,transforming growth factor beta signalling,,,nutritional status,,,ageing,,,,,,,,,,,,,,,,,,,,,,,,,,,,
fascial system,,,extracellular matrix homeostasis,extracellular matrix organization,GO:0030198,matrix synthesis,collagen fibril organization,GO:0030199,"collagen, elastin and proteoglycan production",,,,,,,,,,,,,,,,Maturing fascia progressively replaces type III collagen with type I,cell,fascia,fascia,UBERON:0007798,fibroblast,fibroblast,CL:0000057,,,,does,X conversion to Y,type III collagen,,,type I collagen,,,,,,,the shift toward type I during maturation raises stiffness and tensile strength,days,,intra-organ,shear wave elastography,,,ultrasound fascial thickness,,,collagen cross-link assay,,,,,,mechanical loading,response to mechanical stimulus,GO:0009612,transforming growth factor beta signalling,,,nutritional status,,,ageing,,,,,,,,,,,,,,,,,,,,,,,,,,,,
fascial system,,,extracellular matrix homeostasis,extracellular matrix organization,GO:0030198,matrix synthesis,collagen fibril organization,GO:0030199,"collagen, elastin and proteoglycan production",,,,,,,,,,,,,,,,Elastin deposition confers recoil after deformation,cell,fascia,fascia,UBERON:0007798,fibroblast,fibroblast,CL:0000057,,,,does,X secretion,elastin,,,,,,,,,,"elastic fibre content varies widely by site, from a few percent in aponeuroses to much higher in mobile visceral fascia",days,,intra-organ,shear wave elastography,,,ultrasound fascial thickness,,,collagen cross-link assay,,,,,,mechanical loading,response to mechanical stimulus,GO:0009612,transforming growth factor beta signalling,,,nutritional status,,,ageing,,,,,,,,,,,,,,,,,,,,,,,,,,,,
fascial system,,,extracellular matrix homeostasis,extracellular matrix organization,GO:0030198,matrix synthesis,collagen fibril organization,GO:0030199,"collagen, elastin and proteoglycan production",,,,,,,,,,,,,,,,Proteoglycan secretion governs collagen fibril assembly and matrix hydration,cell,fascia,fascia,UBERON:0007798,fibroblast,fibroblast,CL:0000057,,,,does,X secretion,proteoglycans,,,,,,,,,,"decorin and versican set fibril diameter and spacing; decorin loss yields irregular, mechanically inferior fibrils",days,,intra-organ,shear wave elastography,,,ultrasound fascial thickness,,,collagen cross-link assay,,,,,,mechanical loading,response to mechanical stimulus,GO:0009612,transforming growth factor beta signalling,,,nutritional status,,,ageing,,,,,,,,,,,,,,,,,,,,,,,,,,,,
fascial system,,,extracellular matrix homeostasis,extracellular matrix organization,GO:0030198,matrix synthesis,collagen fibril organization,GO:0030199,"collagen, elastin and proteoglycan production",,,,,,,,,,,,,,,"hydration state, not collagen content alone, determines short-term fascial compliance","Glycosaminoglycans bind water, giving fascia its viscoelastic properties",tissue,fascia,fascia,UBERON:0007798,extracellular matrix,,,,,,does,X storage,water,,,,,,,,,,glycosaminoglycan-bound water accounts for much of fascial volume and sets its viscoelastic behaviour,hours-days,,intra-organ,shear wave elastography,,,ultrasound fascial thickness,,,collagen cross-link assay,,,,,,mechanical loading,response to mechanical stimulus,GO:0009612,transforming growth factor beta signalling,,,nutritional status,,,ageing,,,,,,,,,,,,,,,,,,,,,,,,,,,,
fascial system,,,extracellular matrix homeostasis,extracellular matrix organization,GO:0030198,matrix synthesis,collagen fibril organization,GO:0030199,"collagen, elastin and proteoglycan production",,,,,,,,,,,,,,,,Mechanical load is the dominant regulator of fascial matrix production,cell,fascia,fascia,UBERON:0007798,fibroblast,fibroblast,CL:0000057,mechanical loading,,,increases,X secretion,type I collagen,,,,,,,,,,cyclic tensile load upregulates procollagen expression within 24-72 h of a training stimulus,days,intra-organ,intra-organ,shear wave elastography,,,ultrasound fascial thickness,,,collagen cross-link assay,,,,,,mechanical loading,response to mechanical stimulus,GO:0009612,transforming growth factor beta signalling,,,nutritional status,,,ageing,,,,,,,,,,,,,,,,,,,,,,,,,,,,
fascial system,,,extracellular matrix homeostasis,extracellular matrix organization,GO:0030198,matrix synthesis,collagen fibril organization,GO:0030199,"collagen, elastin and proteoglycan production",,,,,,,,,,,,,,,,,cell,fascia,fascia,UBERON:0007798,fibroblast,fibroblast,CL:0000057,immobilisation,,,decreases,X secretion,type I collagen,,,,,,,,,,"disuse reduces collagen synthesis while cross-linking continues, giving stiffer but weaker tissue",days,intra-organ,intra-organ,shear wave elastography,,,ultrasound fascial thickness,,,collagen cross-link assay,,,,,,mechanical loading,response to mechanical stimulus,GO:0009612,transforming growth factor beta signalling,,,nutritional status,,,ageing,,,,,,,,,,,,,,,,,,,,,,,,,,,,
fascial system,,,extracellular matrix homeostasis,extracellular matrix organization,GO:0030198,matrix synthesis,collagen fibril organization,GO:0030199,"collagen, elastin and proteoglycan production",,,,,,,,,,,,,,,,,cell,fascia,fascia,UBERON:0007798,fibroblast,fibroblast,CL:0000057,transforming growth factor beta,,,increases,X secretion,type I collagen,,,,,,,,,,,days,paracrine,intra-organ,shear wave elastography,,,ultrasound fascial thickness,,,collagen cross-link assay,,,,,,mechanical loading,response to mechanical stimulus,GO:0009612,transforming growth factor beta signalling,,,nutritional status,,,ageing,,,,,,,,,,,,,,,,,,,,,,,,,,,,
fascial system,,,extracellular matrix homeostasis,extracellular matrix organization,GO:0030198,matrix synthesis,collagen fibril organization,GO:0030199,"collagen, elastin and proteoglycan production",,,,,,,,,,,,,,,,Load stimulates resident fibroblast proliferation,cell,fascia,fascia,UBERON:0007798,fibroblast,fibroblast,CL:0000057,mechanical loading,,,increases,X synthesis,fibroblast,,,,,,,,,,,days,intra-organ,intra-organ,shear wave elastography,,,ultrasound fascial thickness,,,collagen cross-link assay,,,,,,mechanical loading,response to mechanical stimulus,GO:0009612,transforming growth factor beta signalling,,,nutritional status,,,ageing,,,,,,,,,,,,,,,,,,,,,,,,,,,,
fascial system,,,extracellular matrix homeostasis,extracellular matrix organization,GO:0030198,matrix degradation,extracellular matrix disassembly,GO:0022617,proteolytic turnover and cross-linking,,,,,,,,,,,,,,,"remodelling requires controlled degradation, so matrix homeostasis is a synthesis-degradation balance rather than deposition alone",Fibroblasts secrete the proteases that permit matrix remodelling,cell,fascia,fascia,UBERON:0007798,fibroblast,fibroblast,CL:0000057,,,,does,X secretion,matrix metalloproteinases,,,,,,,,,,"MMP-1, MMP-2 and MMP-13 cleave fibrillar collagen; net turnover is the balance against TIMP secretion",days,,intra-organ,collagen cross-link assay,,,shear wave elastography,,,,,,,,,mechanical loading,response to mechanical stimulus,GO:0009612,ageing,,,diabetes mellitus,,,immune system,immune system process,GO:0002376,,,,,,,,,,,,,,,,,,,,,,,,,,
fascial system,,,extracellular matrix homeostasis,extracellular matrix organization,GO:0030198,matrix degradation,extracellular matrix disassembly,GO:0022617,proteolytic turnover and cross-linking,,,,,,,,,,,,,,,,TIMP secretion restrains proteolysis and sets the net direction of turnover,cell,fascia,fascia,UBERON:0007798,fibroblast,fibroblast,CL:0000057,,,,does,X secretion,tissue inhibitors of metalloproteinases,,,,,,,,,,a shift in the MMP to TIMP ratio toward inhibition favours net matrix accumulation and fibrosis,days,,intra-organ,collagen cross-link assay,,,shear wave elastography,,,,,,,,,mechanical loading,response to mechanical stimulus,GO:0009612,ageing,,,diabetes mellitus,,,immune system,immune system process,GO:0002376,,,,,,,,,,,,,,,,,,,,,,,,,,
fascial system,,,extracellular matrix homeostasis,extracellular matrix organization,GO:0030198,matrix degradation,extracellular matrix disassembly,GO:0022617,proteolytic turnover and cross-linking,,,,,,,,,,,,,,,,,cell,fascia,fascia,UBERON:0007798,fibroblast,fibroblast,CL:0000057,interleukin 1 beta,,,increases,X secretion,matrix metalloproteinases,,,,,,,,,,,hours-days,paracrine,intra-organ,collagen cross-link assay,,,shear wave elastography,,,,,,,,,mechanical loading,response to mechanical stimulus,GO:0009612,ageing,,,diabetes mellitus,,,immune system,immune system process,GO:0002376,,,,,,,,,,,,,,,,,,,,,,,,,,
fascial system,,,extracellular matrix homeostasis,extracellular matrix organization,GO:0030198,matrix degradation,extracellular matrix disassembly,GO:0022617,proteolytic turnover and cross-linking,,,,,,,,,,,,,,,AGE cross-linking stiffens fascia and is a proposed contributor to reduced mobility in ageing and diabetes,Progressive cross-linking stiffens the collagen network over time,tissue,fascia,fascia,UBERON:0007798,extracellular matrix,,,,,,does,X conversion to Y,collagen,,,cross-linked collagen,,,,,,,"enzymatic lysyl oxidase cross-links plus non-enzymatic advanced glycation end products, which accumulate with age and hyperglycaemia",days,,intra-organ,collagen cross-link assay,,,shear wave elastography,,,,,,,,,mechanical loading,response to mechanical stimulus,GO:0009612,ageing,,,diabetes mellitus,,,immune system,immune system process,GO:0002376,,,,,,,,,,,,,,,,,,,,,,,,,,
fascial system,,,fascial tonus,muscle contraction,GO:0006936,myofibroblast contractility,muscle contraction,GO:0006936,active fascial tension,,,,,,,,,,,,,,,myofibroblast density in normal fascia is low but sufficient to modulate stiffness; it rises markedly in Dupuytren and plantar fibromatosis,Fascial myofibroblasts generate slow active tension independent of skeletal muscle,cell,fascia,fascia,UBERON:0007798,myofibroblast,myofibroblast cell,CL:0000186,,,,does,contraction,,,,,,,,,,,"alpha-smooth muscle actin stress fibres generate slow sustained tension over minutes to hours, not the millisecond timescale of muscle",minutes-hours,,intra-organ,shear wave elastography,,,passive stiffness measurement,,,,,,,,,transforming growth factor beta signalling,,,mechanical loading,response to mechanical stimulus,GO:0009612,sympathetic nervous system,,,musculoskeletal system,,,,,,,,,,,,,,,,,,,,,,,,,,,,
fascial system,,,fascial tonus,muscle contraction,GO:0006936,myofibroblast contractility,muscle contraction,GO:0006936,active fascial tension,,,,,,,,,,,,,,,,TGF-beta and mechanical load together drive myofibroblast differentiation,cell,fascia,fascia,UBERON:0007798,fibroblast,fibroblast,CL:0000057,transforming growth factor beta,,,increases,X conversion to Y,fibroblast,,,myofibroblast,,,,,,,requires mechanical tension as a co-signal; on a compliant substrate TGF-beta alone is insufficient,days,paracrine,intra-organ,shear wave elastography,,,passive stiffness measurement,,,,,,,,,transforming growth factor beta signalling,,,mechanical loading,response to mechanical stimulus,GO:0009612,sympathetic nervous system,,,musculoskeletal system,,,,,,,,,,,,,,,,,,,,,,,,,,,,
fascial system,,,fascial tonus,muscle contraction,GO:0006936,myofibroblast contractility,muscle contraction,GO:0006936,active fascial tension,,,,,,,,,,,,,,,this self-reinforcing loop is the proposed engine of progressive fibrosis,,cell,fascia,fascia,UBERON:0007798,fibroblast,fibroblast,CL:0000057,matrix stiffness,,,increases,X conversion to Y,fibroblast,,,myofibroblast,,,,,,,"a positive feedback loop: stiffer matrix yields more myofibroblasts, which stiffen the matrix further",days,intra-organ,intra-organ,shear wave elastography,,,passive stiffness measurement,,,,,,,,,transforming growth factor beta signalling,,,mechanical loading,response to mechanical stimulus,GO:0009612,sympathetic nervous system,,,musculoskeletal system,,,,,,,,,,,,,,,,,,,,,,,,,,,,
fascial system,,,fascial tonus,muscle contraction,GO:0006936,myofibroblast contractility,muscle contraction,GO:0006936,active fascial tension,,,,,,,,,,,,,,,,,cell,fascia,fascia,UBERON:0007798,myofibroblast,myofibroblast cell,CL:0000186,transforming growth factor beta,,,increases,contraction X,force,,,,,,,,,,,hours-days,paracrine,intra-organ,shear wave elastography,,,passive stiffness measurement,,,,,,,,,transforming growth factor beta signalling,,,mechanical loading,response to mechanical stimulus,GO:0009612,sympathetic nervous system,,,musculoskeletal system,,,,,,,,,,,,,,,,,,,,,,,,,,,,
fascial system,,,fascial tonus,muscle contraction,GO:0006936,myofibroblast contractility,muscle contraction,GO:0006936,active fascial tension,,,,,,,,,,,,,,,,,cell,fascia,fascia,UBERON:0007798,myofibroblast,myofibroblast cell,CL:0000186,nitric oxide,,,decreases,contraction X,force,,,,,,,,,,,minutes-hours,paracrine,intra-organ,shear wave elastography,,,passive stiffness measurement,,,,,,,,,transforming growth factor beta signalling,,,mechanical loading,response to mechanical stimulus,GO:0009612,sympathetic nervous system,,,musculoskeletal system,,,,,,,,,,,,,,,,,,,,,,,,,,,,
fascial system,,,fascial tonus,muscle contraction,GO:0006936,myofibroblast contractility,muscle contraction,GO:0006936,active fascial tension,,,,,,,,,,,,,,,,Smooth muscle within visceral fascia contributes to resting fascial tension,cell,fascia,fascia,UBERON:0007798,smooth muscle cell,smooth muscle cell,CL:0000192,,,,does,contraction,,,,,,,,,,,present in visceral and some deep fascia; contributes tone independently of the myofibroblast population,seconds-minutes,,intra-organ,shear wave elastography,,,passive stiffness measurement,,,,,,,,,transforming growth factor beta signalling,,,mechanical loading,response to mechanical stimulus,GO:0009612,sympathetic nervous system,,,musculoskeletal system,,,,,,,,,,,,,,,,,,,,,,,,,,,,
fascial system,,,fascial sensation,sensory perception of pain,GO:0019233,fascial proprioception,proprioception,GO:0019230,mechanoreceptor populations in fascia,,,,,,,,,,,,,,,this innervation density is the main reason fascia is now treated as a sensory organ rather than passive packing tissue,Fascial afferents signal tissue deformation to the central nervous system,cell,fascia,fascia,UBERON:0007798,sensory neuron,sensory neuron,CL:0000101,,,,does,X secretion,neurotransmitter,,,,,,,,,,fascia is more densely innervated than the muscle it invests; the thoracolumbar fascia is among the most richly supplied,milliseconds,,paracrine,joint position sense testing,,,pressure pain threshold,,,quantitative sensory testing,,,,,,peripheral nervous system,,,musculoskeletal system,,,motor control,,,,,,,,,,,,,,,,,,,,,,,,,,,,,,,
fascial system,,,fascial sensation,sensory perception of pain,GO:0019233,fascial proprioception,proprioception,GO:0019230,mechanoreceptor populations in fascia,,,,,,,,,,,,,,,,Ruffini endings encode sustained fascial stretch and shear,cell,fascia,fascia,UBERON:0007798,Ruffini ending cell,,,sustained tissue stretch,,,increases,X secretion,neurotransmitter,,,,,,,,,,slowly adapting; responds particularly to tangential shear and sustained lateral stretch,milliseconds-seconds,intra-organ,paracrine,joint position sense testing,,,pressure pain threshold,,,quantitative sensory testing,,,,,,peripheral nervous system,,,musculoskeletal system,,,motor control,,,,,,,,,,,,,,,,,,,,,,,,,,,,,,,
fascial system,,,fascial sensation,sensory perception of pain,GO:0019233,fascial proprioception,proprioception,GO:0019230,mechanoreceptor populations in fascia,,,,,,,,,,,,,,,,Pacinian corpuscles in fascia detect rapid pressure change and vibration,cell,fascia,fascia,UBERON:0007798,Pacinian corpuscle lamellar cell,,,high-frequency vibration,,,increases,X secretion,neurotransmitter,,,,,,,,,,rapidly adapting; signals rate of change rather than absolute position,milliseconds,intra-organ,paracrine,joint position sense testing,,,pressure pain threshold,,,quantitative sensory testing,,,,,,peripheral nervous system,,,musculoskeletal system,,,motor control,,,,,,,,,,,,,,,,,,,,,,,,,,,,,,,
fascial system,,,fascial sensation,sensory perception of pain,GO:0019233,fascial proprioception,proprioception,GO:0019230,mechanoreceptor populations in fascia,,,,,,,,,,,,,,,,,cell,fascia,fascia,UBERON:0007798,sensory neuron,sensory neuron,CL:0000101,muscle contraction,,,increases,X secretion,neurotransmitter,,,,,,,,,,"fascial receptors are loaded by contraction of the muscles they invest, so they report muscular as well as external forces",milliseconds,intra-organ,paracrine,joint position sense testing,,,pressure pain threshold,,,quantitative sensory testing,,,,,,peripheral nervous system,,,musculoskeletal system,,,motor control,,,,,,,,,,,,,,,,,,,,,,,,,,,,,,,
fascial system,,,fascial sensation,sensory perception of pain,GO:0019233,fascial nociception,sensory perception of pain,GO:0019233,free nerve endings and sensitisation,,,,,,,,,,,,,,,experimental irritation of fascia produces longer-lasting and more diffuse pain than equivalent stimulation of the underlying muscle,Fascial free nerve endings transduce noxious mechanical and chemical stimuli,cell,fascia,fascia,UBERON:0007798,nociceptive sensory neuron,,,,,,does,X secretion,substance P and CGRP,,,,,,,,,,free nerve endings are the most numerous fascial afferent type; the thoracolumbar fascia is a documented source of low back pain,milliseconds-seconds,,paracrine,pressure pain threshold,,,pain score,,,quantitative sensory testing,,,,,,peripheral nervous system,,,immune system,immune system process,GO:0002376,neurogenic inflammation,,,chronic pain,,,,,,,,,,,,,,,,,,,,,,,,,,,,
fascial system,,,fascial sensation,sensory perception of pain,GO:0019233,fascial nociception,sensory perception of pain,GO:0019233,free nerve endings and sensitisation,,,,,,,,,,,,,,,,,cell,fascia,fascia,UBERON:0007798,nociceptive sensory neuron,,,tissue acidosis,,,increases,X secretion,substance P and CGRP,,,,,,,,,,lowered pH sensitises fascial nociceptors through ASIC and TRPV1 channels,minutes-hours,intra-organ,paracrine,pressure pain threshold,,,pain score,,,quantitative sensory testing,,,,,,peripheral nervous system,,,immune system,immune system process,GO:0002376,neurogenic inflammation,,,chronic pain,,,,,,,,,,,,,,,,,,,,,,,,,,,,
fascial system,,,fascial sensation,sensory perception of pain,GO:0019233,fascial nociception,sensory perception of pain,GO:0019233,free nerve endings and sensitisation,,,,,,,,,,,,,,,,,cell,fascia,fascia,UBERON:0007798,nociceptive sensory neuron,,,inflammatory mediators,,,increases,X secretion,substance P and CGRP,,,,,,,,,,"bradykinin, prostaglandin E2 and nerve growth factor lower mechanical threshold, producing peripheral sensitisation",hours-days,paracrine,paracrine,pressure pain threshold,,,pain score,,,quantitative sensory testing,,,,,,peripheral nervous system,,,immune system,immune system process,GO:0002376,neurogenic inflammation,,,chronic pain,,,,,,,,,,,,,,,,,,,,,,,,,,,,
fascial system,,,fascial sensation,sensory perception of pain,GO:0019233,fascial nociception,sensory perception of pain,GO:0019233,free nerve endings and sensitisation,,,,,,,,,,,,,,,,Fascial mast cells and afferents form a self-reinforcing neurogenic inflammatory loop,cell,fascia,fascia,UBERON:0007798,mast cell,mast cell,CL:0000097,substance P,,,increases,X secretion,histamine,,,,,,,,,,"neuropeptide release degranulates local mast cells, closing a neurogenic inflammatory loop within the fascia itself",seconds-minutes,paracrine,paracrine,pressure pain threshold,,,pain score,,,quantitative sensory testing,,,,,,peripheral nervous system,,,immune system,immune system process,GO:0002376,neurogenic inflammation,,,chronic pain,,,,,,,,,,,,,,,,,,,,,,,,,,,,
fascial system,,,interstitial fluid dynamics,,,interstitial transport,,,fluid movement and lymphatic clearance,,,,,,,,,,,,,,,this channelling is why infection and haematoma track along fascial planes rather than spreading isotropically,Fascial planes provide preferential pathways for interstitial fluid movement,tissue,fascia,fascia,UBERON:0007798,fascial interstitium,,,,,,does,transport of X from Y to Z,interstitial fluid,,,blood capillary,,,lymphatic vessel,,,,fascial planes act as preferential low-resistance channels for interstitial flow between compartments,minutes-hours,,intra-organ,tissue impedance,,,limb volumetry,,,ultrasound fascial thickness,,,,,,lymphatic drainage,,,musculoskeletal system,,,oedema,,,immune system,immune system process,GO:0002376,,,,,,,,,,,,,,,,,,,,,,,,,,
fascial system,,,interstitial fluid dynamics,,,interstitial transport,,,fluid movement and lymphatic clearance,,,,,,,,,,,,,,,,Anchoring filaments couple lymphatic filling directly to fascial tissue strain,cell,fascia,fascia,UBERON:0007798,lymphatic endothelial cell,,,,,,does,transport of X from Y to Z,interstitial fluid,,,fascial interstitium,,,lymphatic lumen,,,,initial lymphatics are tethered to surrounding collagen by anchoring filaments that pull them open as tissue expands,minutes-hours,,intra-organ,tissue impedance,,,limb volumetry,,,ultrasound fascial thickness,,,,,,lymphatic drainage,,,musculoskeletal system,,,oedema,,,immune system,immune system process,GO:0002376,,,,,,,,,,,,,,,,,,,,,,,,,,
fascial system,,,interstitial fluid dynamics,,,interstitial transport,,,fluid movement and lymphatic clearance,,,,,,,,,,,,,,,,,cell,fascia,fascia,UBERON:0007798,lymphatic endothelial cell,,,tissue deformation,,,increases,transport of X from Y to Z,interstitial fluid,,,fascial interstitium,,,lymphatic lumen,,,,muscular activity and external compression are the principal drivers of lymph propulsion in the limbs,minutes,intra-organ,intra-organ,tissue impedance,,,limb volumetry,,,ultrasound fascial thickness,,,,,,lymphatic drainage,,,musculoskeletal system,,,oedema,,,immune system,immune system process,GO:0002376,,,,,,,,,,,,,,,,,,,,,,,,,,
fascial system,,,interstitial fluid dynamics,,,interstitial transport,,,fluid movement and lymphatic clearance,,,,,,,,,,,,,,,"this is the mechanical basis of acute compartment syndrome, and why fasciotomy rather than volume removal is the treatment",Non-compliant fascial boundaries convert volume increase into rising compartment pressure,tissue,fascia,fascia,UBERON:0007798,fascial compartment,,,intracompartmental pressure,,,decreases,transport of X from Y to Z,blood,,,arteriole,,,capillary bed,,,,the low compliance of deep fascia turns modest volume increases into steep pressure rises; perfusion fails well before pulses are lost,hours,intra-organ,intra-organ,tissue impedance,,,limb volumetry,,,ultrasound fascial thickness,,,,,,lymphatic drainage,,,musculoskeletal system,,,oedema,,,immune system,immune system process,GO:0002376,,,,,,,,,,,,,,,,,,,,,,,,,,
fascial system,,,repair and fibrosis,wound healing,GO:0042060,fascial repair,wound healing,GO:0042060,injury response and adhesion formation,,,,,,,,,,,,,,,,Macrophages debride injured fascia and coordinate the repair sequence,cell,fascia,fascia,UBERON:0007798,macrophage,macrophage,CL:0000235,,,,does,X uptake,tissue debris,,,,,,,,,,"clearance precedes and permits the proliferative phase, as in cutaneous repair",days,,intra-organ,ultrasound fascial thickness,,,range of motion,,,shear wave elastography,,,,,,immune system,immune system process,GO:0002376,transforming growth factor beta signalling,,,mechanical loading,response to mechanical stimulus,GO:0009612,surgical intervention,,,,,,,,,,,,,,,,,,,,,,,,,,,,
fascial system,,,repair and fibrosis,wound healing,GO:0042060,fascial repair,wound healing,GO:0042060,injury response and adhesion formation,,,,,,,,,,,,,,,,Macrophage-derived TGF-beta drives the fibroproliferative response,cell,fascia,fascia,UBERON:0007798,macrophage,macrophage,CL:0000235,,,,does,X secretion,transforming growth factor beta,,,,,,,,,,,days,,paracrine,ultrasound fascial thickness,,,range of motion,,,shear wave elastography,,,,,,immune system,immune system process,GO:0002376,transforming growth factor beta signalling,,,mechanical loading,response to mechanical stimulus,GO:0009612,surgical intervention,,,,,,,,,,,,,,,,,,,,,,,,,,,,
fascial system,,,repair and fibrosis,wound healing,GO:0042060,fascial repair,wound healing,GO:0042060,injury response and adhesion formation,,,,,,,,,,,,,,,,Injured fascia is repaired with disorganised provisional matrix rather than regenerated,cell,fascia,fascia,UBERON:0007798,fibroblast,fibroblast,CL:0000057,tissue injury,,,increases,X secretion,type III collagen,,,,,,,,,,provisional matrix deposition begins within days; disorganised fibre orientation is the hallmark of scarred fascia,days,intra-organ,intra-organ,ultrasound fascial thickness,,,range of motion,,,shear wave elastography,,,,,,immune system,immune system process,GO:0002376,transforming growth factor beta signalling,,,mechanical loading,response to mechanical stimulus,GO:0009612,surgical intervention,,,,,,,,,,,,,,,,,,,,,,,,,,,,
fascial system,,,repair and fibrosis,wound healing,GO:0042060,fascial repair,wound healing,GO:0042060,injury response and adhesion formation,,,,,,,,,,,,,,,this is the mechanistic argument for early controlled mobilisation rather than prolonged immobilisation after fascial injury,,cell,fascia,fascia,UBERON:0007798,fibroblast,fibroblast,CL:0000057,mechanical loading,,,increases,X secretion,type I collagen,,,,,,,,,,controlled loading during remodelling improves fibre alignment and final tensile properties,days,intra-organ,intra-organ,ultrasound fascial thickness,,,range of motion,,,shear wave elastography,,,,,,immune system,immune system process,GO:0002376,transforming growth factor beta signalling,,,mechanical loading,response to mechanical stimulus,GO:0009612,surgical intervention,,,,,,,,,,,,,,,,,,,,,,,,,,,,
fascial system,,,repair and fibrosis,wound healing,GO:0042060,fascial repair,wound healing,GO:0042060,injury response and adhesion formation,,,,,,,,,,,,,,,the window for preventing adhesion is short and falls within the first postoperative week,Loss of interlayer sliding after injury permits fibrous bridging between fascial planes,tissue,fascia,fascia,UBERON:0007798,loose connective tissue,,,post-surgical adhesion,,,decreases,transport of X from Y to Z,shear displacement,,,superficial fascial layer,,,deep fascial layer,,,,fibrin bridging across the gliding layer organises into permanent collagenous adhesion within 5-7 days if sliding is not restored,days,intra-organ,intra-organ,ultrasound fascial thickness,,,range of motion,,,shear wave elastography,,,,,,immune system,immune system process,GO:0002376,transforming growth factor beta signalling,,,mechanical loading,response to mechanical stimulus,GO:0009612,surgical intervention,,,,,,,,,,,,,,,,,,,,,,,,,,,,
fascial system,,,repair and fibrosis,wound healing,GO:0042060,fascial repair,wound healing,GO:0042060,injury response and adhesion formation,,,,,,,,,,,,,,,"in normal repair the myofibroblast population is cleared once tension resolves; failure of that clearance is the fibrotic phenotype, and would be directly expressible if apoptosis is available as a behavior term",,cell,fascia,fascia,UBERON:0007798,myofibroblast,myofibroblast cell,CL:0000186,tissue injury,,,increases,contraction X,force,,,,,,,,,,"persistent myofibroblast contraction after repair produces contracture, as in Dupuytren disease and frozen shoulder",days,intra-organ,intra-organ,ultrasound fascial thickness,,,range of motion,,,shear wave elastography,,,,,,immune system,immune system process,GO:0002376,transforming growth factor beta signalling,,,mechanical loading,response to mechanical stimulus,GO:0009612,surgical intervention,,,,,,,,,,,,,,,,,,,,,,,,,,,,
fascial system,,,metabolic and storage function,,,superficial fascial storage,,,adipose and metabolic contribution,,,,,,,,,,,,,,,the fibrous septa of the superficial fascia determine the compartmentalised distribution of subcutaneous fat,Superficial fascial septa organise and contain subcutaneous adipose depots,cell,connective tissue,connective tissue,UBERON:0002384,adipocyte,adipocyte,CL:0000136,,,,does,X storage,triacylglycerol,,,,,,,,,,the superficial fascia organises subcutaneous fat into distinct lamellar compartments rather than a uniform layer,days,,systemic,ultrasound fascial thickness,,,body composition analysis,,,,,,,,,adipose tissue metabolism,,,musculoskeletal system,,,thermoregulation,,,,,,,,,,,,,,,,,,,,,,,,,,,,,,,
fascial system,,,metabolic and storage function,,,superficial fascial storage,,,adipose and metabolic contribution,,,,,,,,,,,,,,,,Fascially compartmentalised adipose tissue contributes to systemic adipokine signalling,cell,connective tissue,connective tissue,UBERON:0002384,adipocyte,adipocyte,CL:0000136,,,,does,X secretion,leptin,,,,,,,,,,,hours-days,,circulatory,ultrasound fascial thickness,,,body composition analysis,,,,,,,,,adipose tissue metabolism,,,musculoskeletal system,,,thermoregulation,,,,,,,,,,,,,,,,,,,,,,,,,,,,,,,
fascial system,,,metabolic and storage function,,,superficial fascial storage,,,adipose and metabolic contribution,,,,,,,,,,,,,,,,Skin ligaments couple the integument to deeper structures while preserving mobility,tissue,fascia,fascia,UBERON:0007798,superficial fascia,,,,,,does,transport of X from Y to Z,mechanical force,,,skin,,,deep fascia,,,,retinacula cutis anchor skin to deep fascia while permitting the mobility that lets skin slide over muscle,seconds,,intra-organ,ultrasound fascial thickness,,,body composition analysis,,,,,,,,,adipose tissue metabolism,,,musculoskeletal system,,,thermoregulation,,,,,,,,,,,,,,,,,,,,,,,,,,,,,,,
fascial system,,,metabolic and storage function,,,superficial fascial storage,,,adipose and metabolic contribution,,,,,,,,,,,,,,,"recently characterised and not yet in the Cell Ontology, so the identifier is left blank",Telocytes form interstitial networks and signal through extracellular vesicles,cell,fascia,fascia,UBERON:0007798,telocyte,,,,,,does,X secretion,extracellular vesicles,,,,,,,,,,long-process interstitial cells forming networks in fascia and viscera; a proposed coordinating and progenitor-support role,hours-days,,paracrine,ultrasound fascial thickness,,,body composition analysis,,,,,,,,,adipose tissue metabolism,,,musculoskeletal system,,,thermoregulation,,,,,,,,,,,,,,,,,,,,,,,,,,,,,,,