Whole Person Physiome Table for Integumentary System,,,,,,,,,,,,,,,,,,,,,,,,,,,,,,,,,,,,,,,,,,,,,,,,,,,,,,,,,,,,,,,,,,,,,,,,,,,,,,,,,,,,,,,,,,,,,,,,,,,,,
,,,,,,,,,,,,,,,,,,,,,,,,,,,,,,,,,,,,,,,,,,,,,,,,,,,,,,,,,,,,,,,,,,,,,,,,,,,,,,,,,,,,,,,,,,,,,,,,,,,,,
Author Name(s):,Jacob C. Scherba,Minyan Zhu,,,,,,,,,,,,,,,,,,,,,,,,,,,,,,,,,,,,,,,,,,,,,,,,,,,,,,,,,,,,,,,,,,,,,,,,,,,,,,,,,,,,,,,,,,,,,,,,,,,
Author ORCID(s):,0000-0001-8187-0507,0000-0002-1868-3896,,,,,,,,,,,,,,,,,,,,,,,,,,,,,,,,,,,,,,,,,,,,,,,,,,,,,,,,,,,,,,,,,,,,,,,,,,,,,,,,,,,,,,,,,,,,,,,,,,,
Reviewer Name(s):,Brian Capell,,,,,,,,,,,,,,,,,,,,,,,,,,,,,,,,,,,,,,,,,,,,,,,,,,,,,,,,,,,,,,,,,,,,,,,,,,,,,,,,,,,,,,,,,,,,,,,,,,,,
Reviewer ORCID(s):,0000-0002-7036-8359,,,,,,,,,,,,,,,,,,,,,,,,,,,,,,,,,,,,,,,,,,,,,,,,,,,,,,,,,,,,,,,,,,,,,,,,,,,,,,,,,,,,,,,,,,,,,,,,,,,,
General Publication(s):,,,,,,,,,,,,,,,,,,,,,,,,,,,,,,,,,,,,,,,,,,,,,,,,,,,,,,,,,,,,,,,,,,,,,,,,,,,,,,,,,,,,,,,,,,,,,,,,,,,,,
Data DOI:,,,,,,,,,,,,,,,,,,,,,,,,,,,,,,,,,,,,,,,,,,,,,,,,,,,,,,,,,,,,,,,,,,,,,,,,,,,,,,,,,,,,,,,,,,,,,,,,,,,,,
Date:,8/7/2026,,,,,,,,,,,,,,,,,,,,,,,,,,,,,,,,,,,,,,,,,,,,,,,,,,,,,,,,,,,,,,,,,,,,,,,,,,,,,,,,,,,,,,,,,,,,,,,,,,,,
Version Number:,v1.0,,,,,,,,,,,,,,,,,,,,,,,,,,,,,,,,,,,,,,,,,,,,,,,,,,,,,,,,,,,,,,,,,,,,,,,,,,,,,,,,,,,,,,,,,,,,,,,,,,,,
Physiological Function,,,,,,,,,,,,,,,,,,,,,,,,,Physiological Process,,,,,,,,,,,,,,,,,,,,,,,,Scales of Effect,,,Clinical Metrics,,,,,,,,,,,,Interacting Functions,,,,,,,,,,,,Reference Material,,,,,,,,,,,,Common Data Elements,,,,,,,,,,,,,
"List physiological functions as a hierarchy, starting with the body system in Function/1 (this should be the same as the table name), a major life function in Function/2, and more specific functions in subsequent columns. Add more columns if needed. Place limited explanatory text if needed in FunctionNotes. Each function should include a ID from Gene Ontology (GO) if possible or another standard ontology. The LABEL column is the label for that ID as it appears in that ontology.",,,,,,,,,,,,,,,,,,,,,,,,,"Provide a very brief description (a few words) of the specific processes that occur during the corresponding function (e.g., a chemical reaction, physical change, feedback loop, etc.) in the Process column. Enter whether the Effector is a cell, tissue, or organ. Provide the anatomical location of the Effector in EffectorLocation along with the associated UBERON ID, if avaialble. Enter the Effector and its UBERON ID in the following columns. See Glossary for detailed instructions on tabulating the Signal, Effect, Behavior, Behavior X, Behavior Y, and X Target columns.",,,,,,,,,,,,,,,,,,,,,,,Enter notes here from primary texts on quantitative information available for the processes denoted to the left,"Indicate the time scale category for this process: milliseconds, seconds, minutes, hours, days, weeks, years.","Indicate the signal scale category for this process: autocrine, paracrine, intra-organ, circulatory, systemic","Indicate the signal scale category for this process: autocrine, paracrine, intra-organ, circulatory, systemic","OPTIONAL FOR NOW. List clinical measures, such as laboratory tests, vital signs, or radiology studies, related to the physiological function. These columns are simple lists and are NOT hierarchical. Include an ID for the measurement, such as a LOINC code, if known. Add more columns if needed.",,,,,,,,,,,,"OPTIONAL FOR NOW. List other interacting physiological functions. These columns are simple lists and NOT hierarchical. Add more columns if needed. For the LABEL and ID columns, use Gene Ontology (GO) if possible.",,,,,,,,,,,,"REQUIRED. Enter references in support of the information on this row. The ID column should include a standard identifier, such as a DOI or ISBN. The optional CHAPTER column should be used to list the relevant chapters in a book. The optional NOTES column can be used to clarify which part of the row the reference is for, such as a reference about the anatomical structures involved in the function rather than the interactions. Add more sets of reference columns if needed, making sure to include the ID column.",,,,,,,,,,,,"REQUIRED IF AVAILABLE. For each row, enter any corresponding common data elements (CDEs) that relate to the process.  Add more sets of CDE columns if needed, making sure to include the ID column.",,,,,,,,,,,,,
Function/1,Function/1/LABEL,Function/1/ID,Function/2,Function/2/LABEL,Function/2/ID,Function/3,Function/3/LABEL,Function/3/ID,Function/4,Function/4/LABEL,Function/4/ID,Function/5,Function/5/LABEL,Function/5/ID,Function/6,Function/6/LABEL,Function/6/ID,Function/7,Function/7/LABEL,Function/7/ID,Function/8,Function/8/LABEL,Function/8/ID,FunctionNotes,Process,EffectorScale,EffectorLocation,EffectorLocation/LABEL,EffectorLocation/ID,Effector,Effector/LABEL,Effector/ID,Signal,Signal/LABEL,Signal/ID,Effect,Behavior,Behavior X,Behavior X/LABEL,Behavior X/ID,Behavior Y,Behavior Y/LABEL,Behavior Y/ID,Behavior Z,Behavior Z/LABEL,Behavior Z/ID,X Target,QuantitativeNotes,TimeScale,SignalScale,EffectScale,ClinicalMeasure/1,ClinicalMeasure/1/LABEL,ClinicalMeasure/1/ID,ClinicalMeasure/2,ClinicalMeasure/2/LABEL,ClinicalMeasure/2/ID,ClinicalMeasure/3,ClinicalMeasure/3/LABEL,ClinicalMeasure/3/ID,ClinicalMeasure/4,ClinicalMeasure/4/LABEL,ClinicalMeasure/4/ID,Interaction/1,Interaction/1/LABEL,Interaction/1/ID,Interaction/2,Interaction/2/LABEL,Interaction/2/ID,Interaction/3,Interaction/3/LABEL,Interaction/3/ID,Interaction/4,Interaction/4/LABEL,Interaction/4/ID,REF/1,REF/1/ID,REF/1/CHAPTER,REF/1/NOTES,REF/2,REF/2/ID,REF/2/CHAPTER,REF/2/NOTES,REF/3,REF/3/ID,REF/3/CHAPTER,REF/3/NOTES,CDE/1,CDE/1/ID,CDE/2,CDE/2/ID,CDE/3,CDE/3/ID,CDE/4,CDE/4/ID,CDE/5,CDE/5/ID,CDE/6,CDE/6/ID,CDE/7,CDE/7/ID
integumentary system,,,barrier function,establishment of skin barrier,GO:0061436,epidermal differentiation,keratinocyte differentiation,GO:0030216,cornified envelope formation,,,,,,,,,,,,,,,"psoriasis compresses this to 3-5 days, which is why the corneum forms without full maturation",Basal keratinocytes divide to renew the epidermis continuously throughout life,cell,epidermis,epidermis,UBERON:0001003,basal keratinocyte,basal cell of epidermis,CL:0002187,,,,does,X synthesis,keratinocyte,,,,,,,,,"[28, 40]","units = days for full epidermal transit; basal to granular ~14 days, granular through corneum ~14 days",days,,intra-organ,transepidermal water loss,,,stratum corneum hydration,,,,,,,,,immune system,immune system process,GO:0002376,skin microbiota,,,atopic dermatitis,,,epidermal turnover,,,,,,,,,,,,,,,,,,,,,,,,,,,,
integumentary system,,,barrier function,establishment of skin barrier,GO:0061436,epidermal differentiation,keratinocyte differentiation,GO:0030216,cornified envelope formation,,,,,,,,,,,,,,,,,cell,epidermis,epidermis,UBERON:0001003,basal keratinocyte,basal cell of epidermis,CL:0002187,epidermal growth factor,,,increases,X synthesis,keratinocyte,,,,,,,,,,,days,paracrine,intra-organ,transepidermal water loss,,,stratum corneum hydration,,,,,,,,,immune system,immune system process,GO:0002376,skin microbiota,,,atopic dermatitis,,,epidermal turnover,,,,,,,,,,,,,,,,,,,,,,,,,,,,
integumentary system,,,barrier function,establishment of skin barrier,GO:0061436,epidermal differentiation,keratinocyte differentiation,GO:0030216,cornified envelope formation,,,,,,,,,,,,,,,"GRAMMAR NOTE: cornification is a specialised programmed cell death; represented here as a conversion because the endocrine reference table has no death term, though your stated 50-term set may already include apoptosis",Granular keratinocytes undergo terminal differentiation into anucleate corneocytes,cell,epidermis,epidermis,UBERON:0001003,keratinocyte,keratinocyte,CL:0000312,,,,does,X conversion to Y,granular keratinocyte,,,corneocyte,,,,,,,"terminal differentiation: nucleus and organelles are lost, and the cornified envelope is cross-linked by transglutaminase",days,,intra-organ,transepidermal water loss,,,stratum corneum hydration,,,,,,,,,immune system,immune system process,GO:0002376,skin microbiota,,,atopic dermatitis,,,epidermal turnover,,,,,,,,,,,,,,,,,,,,,,,,,,,,
integumentary system,,,barrier function,establishment of skin barrier,GO:0061436,epidermal differentiation,keratinocyte differentiation,GO:0030216,cornified envelope formation,,,,,,,,,,,,,,,,Keratinocytes build the intermediate filament cytoskeleton that gives the epidermis its tensile strength,cell,epidermis,epidermis,UBERON:0001003,keratinocyte,keratinocyte,CL:0000312,,,,does,X synthesis,keratin intermediate filaments,,,,,,,,,,K5/K14 in the basal layer switching to K1/K10 on differentiation; mutations cause the epidermolysis bullosa simplex phenotypes,hours-days,,intra-organ,transepidermal water loss,,,stratum corneum hydration,,,,,,,,,immune system,immune system process,GO:0002376,skin microbiota,,,atopic dermatitis,,,epidermal turnover,,,,,,,,,,,,,,,,,,,,,,,,,,,,
integumentary system,,,barrier function,establishment of skin barrier,GO:0061436,epidermal differentiation,keratinocyte differentiation,GO:0030216,cornified envelope formation,,,,,,,,,,,,,,,ceramide depletion is a central and measurable defect in atopic dermatitis,Lamellar bodies discharge lipid into the intercellular space to seal the corneum,cell,stratum corneum,stratum corneum of epidermis,UBERON:0002027,keratinocyte,keratinocyte,CL:0000312,,,,does,X secretion,lamellar body lipids,,,,,,,,,,"ceramides, cholesterol and free fatty acids in roughly equimolar ratio; the mortar of the brick-and-mortar model",hours,,intra-organ,transepidermal water loss,,,stratum corneum hydration,,,,,,,,,immune system,immune system process,GO:0002376,skin microbiota,,,atopic dermatitis,,,epidermal turnover,,,,,,,,,,,,,,,,,,,,,,,,,,,,
integumentary system,,,barrier function,establishment of skin barrier,GO:0061436,epidermal differentiation,keratinocyte differentiation,GO:0030216,cornified envelope formation,,,,,,,,,,,,,,,autoantibodies against desmoglein 1 and 3 produce the intraepidermal blistering of pemphigus,Desmosomal adhesion holds keratinocytes together against mechanical shear,cell,epidermis,epidermis,UBERON:0001003,keratinocyte,keratinocyte,CL:0000312,,,,does,cell-cell adhesion,,,,,,,,,,,"desmosomes, converted to corneodesmosomes in the corneum and cleaved by kallikreins during desquamation",hours-days,,intra-organ,transepidermal water loss,,,stratum corneum hydration,,,,,,,,,immune system,immune system process,GO:0002376,skin microbiota,,,atopic dermatitis,,,epidermal turnover,,,,,,,,,,,,,,,,,,,,,,,,,,,,
integumentary system,,,barrier function,establishment of skin barrier,GO:0061436,epidermal differentiation,keratinocyte differentiation,GO:0030216,cornified envelope formation,,,,,,,,,,,,,,,,Granular layer tight junctions provide a distinct barrier to water and solute flux,cell,epidermis,epidermis,UBERON:0001003,keratinocyte,keratinocyte,CL:0000312,,,,does,cell-cell adhesion,,,,,,,,,,,"tight junctions in the stratum granulosum form a second, inward barrier beneath the corneum",hours,,intra-organ,transepidermal water loss,,,stratum corneum hydration,,,,,,,,,immune system,immune system process,GO:0002376,skin microbiota,,,atopic dermatitis,,,epidermal turnover,,,,,,,,,,,,,,,,,,,,,,,,,,,,
integumentary system,,,barrier function,establishment of skin barrier,GO:0061436,epidermal differentiation,keratinocyte differentiation,GO:0030216,cornified envelope formation,,,,,,,,,,,,,,,in extensive burns this loss can exceed several litres per day and is a major driver of fluid requirement,The intact corneum restricts evaporative water loss to a low baseline rate,organ,skin,skin of body,UBERON:0002097,skin,,,,,,does,transport of X from Y to Z,water,,,body water,,,atmosphere,,,"[4, 8]",units = g/m2/h transepidermal water loss on normal skin; rises tenfold or more with barrier disruption,hours,,systemic,transepidermal water loss,,,stratum corneum hydration,,,,,,,,,immune system,immune system process,GO:0002376,skin microbiota,,,atopic dermatitis,,,epidermal turnover,,,,,,,,,,,,,,,,,,,,,,,,,,,,
integumentary system,,,barrier function,establishment of skin barrier,GO:0061436,epidermal differentiation,keratinocyte differentiation,GO:0030216,cornified envelope formation,,,,,,,,,,,,,,,filaggrin loss-of-function is the strongest single genetic risk factor for atopic dermatitis,Filaggrin breakdown products accumulate in corneocytes as an endogenous humectant,cell,stratum corneum,stratum corneum of epidermis,UBERON:0002027,keratinocyte,keratinocyte,CL:0000312,,,,does,X storage,natural moisturising factor,,,,,,,,,,filaggrin proteolysis yields hygroscopic amino acids and derivatives that hold water in the corneum,hours-days,,intra-organ,transepidermal water loss,,,stratum corneum hydration,,,,,,,,,immune system,immune system process,GO:0002376,skin microbiota,,,atopic dermatitis,,,epidermal turnover,,,,,,,,,,,,,,,,,,,,,,,,,,,,
integumentary system,,,barrier function,establishment of skin barrier,GO:0061436,epidermal differentiation,keratinocyte differentiation,GO:0030216,cornified envelope formation,,,,,,,,,,,,,,,the acid mantle both restrains pathogen colonisation and sets the pH optimum for lipid-processing and desquamation enzymes,"Keratinocytes acidify the skin surface, creating the acid mantle",cell,stratum corneum,stratum corneum of epidermis,UBERON:0002027,keratinocyte,keratinocyte,CL:0000312,,,,does,X secretion,hydrogen ion,,,,,,,,,"[4.5, 5.5]","units = skin surface pH; maintained by NHE1, free fatty acids and urocanic acid",hours,,intra-organ,transepidermal water loss,,,stratum corneum hydration,,,,,,,,,immune system,immune system process,GO:0002376,skin microbiota,,,atopic dermatitis,,,epidermal turnover,,,,,,,,,,,,,,,,,,,,,,,,,,,,
integumentary system,,,cutaneous immunity,innate immune response,GO:0045087,cutaneous innate defence,antimicrobial humoral response,GO:0019730,antimicrobial peptide production,,,,,,,,,,,,,,,reduced antimicrobial peptide expression in atopic dermatitis helps explain susceptibility to Staphylococcus aureus and eczema herpeticum,Keratinocytes secrete a broad antimicrobial peptide repertoire onto the skin surface,cell,epidermis,epidermis,UBERON:0001003,keratinocyte,keratinocyte,CL:0000312,,,,does,X secretion,antimicrobial peptides,,,,,,,,,,"beta-defensins, cathelicidin LL-37, RNase 7 and psoriasin; constitutive with strong inducible upregulation",hours,,intra-organ,skin surface pH,,,skin swab culture,,,,,,,,,skin microbiota,,,immune system,immune system process,GO:0002376,vitamin D signalling,,,barrier integrity,,,,,,,,,,,,,,,,,,,,,,,,,,,,
integumentary system,,,cutaneous immunity,innate immune response,GO:0045087,cutaneous innate defence,antimicrobial humoral response,GO:0019730,antimicrobial peptide production,,,,,,,,,,,,,,,,,cell,epidermis,epidermis,UBERON:0001003,keratinocyte,keratinocyte,CL:0000312,calcitriol,,,increases,X secretion,antimicrobial peptides,,,,,,,,,,vitamin D receptor signalling directly induces cathelicidin transcription,hours-days,circulatory,intra-organ,skin surface pH,,,skin swab culture,,,,,,,,,skin microbiota,,,immune system,immune system process,GO:0002376,vitamin D signalling,,,barrier integrity,,,,,,,,,,,,,,,,,,,,,,,,,,,,
integumentary system,,,cutaneous immunity,innate immune response,GO:0045087,cutaneous innate defence,antimicrobial humoral response,GO:0019730,antimicrobial peptide production,,,,,,,,,,,,,,,,,cell,epidermis,epidermis,UBERON:0001003,keratinocyte,keratinocyte,CL:0000312,barrier disruption,,,increases,X secretion,antimicrobial peptides,,,,,,,,,,,hours,intra-organ,intra-organ,skin surface pH,,,skin swab culture,,,,,,,,,skin microbiota,,,immune system,immune system process,GO:0002376,vitamin D signalling,,,barrier integrity,,,,,,,,,,,,,,,,,,,,,,,,,,,,
integumentary system,,,cutaneous immunity,innate immune response,GO:0045087,cutaneous innate defence,antimicrobial humoral response,GO:0019730,antimicrobial peptide production,,,,,,,,,,,,,,,,"Keratinocytes act as immune sentinels, releasing cytokines on barrier breach",cell,epidermis,epidermis,UBERON:0001003,keratinocyte,keratinocyte,CL:0000312,,,,does,X secretion,inflammatory cytokines,,,,,,,,,,"IL-1 alpha is stored preformed in keratinocytes and released immediately on injury, without transcription",minutes-hours,,paracrine,skin surface pH,,,skin swab culture,,,,,,,,,skin microbiota,,,immune system,immune system process,GO:0002376,vitamin D signalling,,,barrier integrity,,,,,,,,,,,,,,,,,,,,,,,,,,,,
integumentary system,,,cutaneous immunity,innate immune response,GO:0045087,cutaneous innate defence,antimicrobial humoral response,GO:0019730,antimicrobial peptide production,,,,,,,,,,,,,,,,,cell,epidermis,epidermis,UBERON:0001003,keratinocyte,keratinocyte,CL:0000312,barrier disruption,,,increases,X secretion,thymic stromal lymphopoietin,,,,,,,,,,TSLP with IL-25 and IL-33 drives type 2 responses; the proposed initiating step of the atopic march,hours,intra-organ,paracrine,skin surface pH,,,skin swab culture,,,,,,,,,skin microbiota,,,immune system,immune system process,GO:0002376,vitamin D signalling,,,barrier integrity,,,,,,,,,,,,,,,,,,,,,,,,,,,,
integumentary system,,,cutaneous immunity,innate immune response,GO:0045087,cutaneous innate defence,antimicrobial humoral response,GO:0019730,antimicrobial peptide production,,,,,,,,,,,,,,,,Langerhans cells sample antigen across the epidermal tight junction barrier,cell,epidermis,epidermis,UBERON:0001003,Langerhans cell,Langerhans cell,CL:0000453,,,,does,X uptake,antigen,,,,,,,,,,dendrites extend between keratinocytes through tight junctions to sample the surface; 2-5% of epidermal cells,minutes-hours,,intra-organ,skin surface pH,,,skin swab culture,,,,,,,,,skin microbiota,,,immune system,immune system process,GO:0002376,vitamin D signalling,,,barrier integrity,,,,,,,,,,,,,,,,,,,,,,,,,,,,
integumentary system,,,cutaneous immunity,innate immune response,GO:0045087,cutaneous innate defence,antimicrobial humoral response,GO:0019730,antimicrobial peptide production,,,,,,,,,,,,,,,,Antigen-bearing Langerhans cells migrate to the draining node to prime T cells,cell,epidermis,epidermis,UBERON:0001003,Langerhans cell,Langerhans cell,CL:0000453,,,,does,transport of X from Y to Z,Langerhans cell,,,epidermis,,,skin-draining lymph node,,,,,hours,,intra-organ,skin surface pH,,,skin swab culture,,,,,,,,,skin microbiota,,,immune system,immune system process,GO:0002376,vitamin D signalling,,,barrier integrity,,,,,,,,,,,,,,,,,,,,,,,,,,,,
integumentary system,,,cutaneous immunity,innate immune response,GO:0045087,cutaneous innate defence,antimicrobial humoral response,GO:0019730,antimicrobial peptide production,,,,,,,,,,,,,,,tissue-resident memory T cells persist locally for years and underlie fixed drug eruption and recurrent site-specific responses,Resident memory T cells provide antigen-specific defence without recruitment from blood,cell,dermis,dermis,UBERON:0002067,T cell,T cell,CL:0000084,,,,does,X secretion,interferon gamma,,,,,,,,,,"the skin holds on the order of 2 x 10^10 T cells, roughly twice the number in the entire circulation",hours,,paracrine,skin surface pH,,,skin swab culture,,,,,,,,,skin microbiota,,,immune system,immune system process,GO:0002376,vitamin D signalling,,,barrier integrity,,,,,,,,,,,,,,,,,,,,,,,,,,,,
integumentary system,,,cutaneous immunity,innate immune response,GO:0045087,cutaneous innate defence,antimicrobial humoral response,GO:0019730,antimicrobial peptide production,,,,,,,,,,,,,,,,Dermal mast cells release vasoactive mediators on immune or physical triggering,cell,dermis,dermis,UBERON:0002067,mast cell,mast cell,CL:0000097,,,,does,X secretion,histamine,,,,,,,,,,dermal mast cells are densest around vessels and nerves; degranulation produces the weal and flare,seconds,,paracrine,skin surface pH,,,skin swab culture,,,,,,,,,skin microbiota,,,immune system,immune system process,GO:0002376,vitamin D signalling,,,barrier integrity,,,,,,,,,,,,,,,,,,,,,,,,,,,,
integumentary system,,,cutaneous immunity,innate immune response,GO:0045087,cutaneous innate defence,antimicrobial humoral response,GO:0019730,antimicrobial peptide production,,,,,,,,,,,,,,,the same lipase activity contributes to follicular inflammation in acne,"Commensal lipases hydrolyse sebum, reinforcing the chemical barrier",organ,skin,skin of body,UBERON:0002097,skin microbiota,,,,,,does,X conversion to Y,sebum triacylglycerols,,,free fatty acids,,,,,,,Cutibacterium acnes lipases; the released fatty acids lower surface pH and inhibit competing pathogens,hours,,intra-organ,skin surface pH,,,skin swab culture,,,,,,,,,skin microbiota,,,immune system,immune system process,GO:0002376,vitamin D signalling,,,barrier integrity,,,,,,,,,,,,,,,,,,,,,,,,,,,,
integumentary system,,,pigmentation,pigmentation,GO:0043473,melanin synthesis and transfer,melanin biosynthetic process,GO:0042438,epidermal melanin unit,,,,,,,,,,,,,,,"melanocyte density is essentially equal across skin phototypes; what differs is melanosome number, size, and degree of degradation",Melanocytes synthesise eumelanin and pheomelanin within melanosomes,cell,epidermis,epidermis,UBERON:0001003,melanocyte,melanocyte,CL:0000148,,,,does,X conversion to Y,tyrosine,,,melanin,,,,,,,tyrosinase-dependent; one melanocyte serves roughly 36 keratinocytes as an epidermal melanin unit,hours-days,,intra-organ,Fitzpatrick skin phototype,,,minimal erythema dose,,,,,,,,,ultraviolet exposure,,,endocrine system,endocrine process,GO:0050886,vitamin D synthesis,,,skin cancer risk,,,,,,,,,,,,,,,,,,,,,,,,,,,,
integumentary system,,,pigmentation,pigmentation,GO:0043473,melanin synthesis and transfer,melanin biosynthetic process,GO:0042438,epidermal melanin unit,,,,,,,,,,,,,,,,Mature melanosomes are transferred along dendrites into surrounding keratinocytes,cell,epidermis,epidermis,UBERON:0001003,melanocyte,melanocyte,CL:0000148,,,,does,transport of X from Y to Z,melanosome,,,melanocyte,,,keratinocyte,,,,transferred via dendrites; each melanocyte maintains transfer to its full keratinocyte cohort,hours-days,,intra-organ,Fitzpatrick skin phototype,,,minimal erythema dose,,,,,,,,,ultraviolet exposure,,,endocrine system,endocrine process,GO:0050886,vitamin D synthesis,,,skin cancer risk,,,,,,,,,,,,,,,,,,,,,,,,,,,,
integumentary system,,,pigmentation,pigmentation,GO:0043473,melanin synthesis and transfer,melanin biosynthetic process,GO:0042438,epidermal melanin unit,,,,,,,,,,,,,,,this geometry is the actual photoprotective structure: pigment is placed between incoming photons and nuclear DNA,Keratinocytes park transferred melanin as a nuclear cap shielding genomic DNA,cell,epidermis,epidermis,UBERON:0001003,keratinocyte,keratinocyte,CL:0000312,,,,does,X storage,melanin,,,,,,,,,,melanosomes are positioned as a supranuclear cap on the sun-exposed side of the nucleus,days,,intra-organ,Fitzpatrick skin phototype,,,minimal erythema dose,,,,,,,,,ultraviolet exposure,,,endocrine system,endocrine process,GO:0050886,vitamin D synthesis,,,skin cancer risk,,,,,,,,,,,,,,,,,,,,,,,,,,,,
integumentary system,,,pigmentation,pigmentation,GO:0043473,melanin synthesis and transfer,melanin biosynthetic process,GO:0042438,epidermal melanin unit,,,,,,,,,,,,,,,,,cell,epidermis,epidermis,UBERON:0001003,melanocyte,melanocyte,CL:0000148,ultraviolet radiation,,,increases,X conversion to Y,tyrosine,,,melanin,,,,,,,immediate pigment darkening within minutes reflects oxidation of existing melanin; true delayed tanning takes 3-7 days,days,intra-organ,intra-organ,Fitzpatrick skin phototype,,,minimal erythema dose,,,,,,,,,ultraviolet exposure,,,endocrine system,endocrine process,GO:0050886,vitamin D synthesis,,,skin cancer risk,,,,,,,,,,,,,,,,,,,,,,,,,,,,
integumentary system,,,pigmentation,pigmentation,GO:0043473,melanin synthesis and transfer,melanin biosynthetic process,GO:0042438,epidermal melanin unit,,,,,,,,,,,,,,,,UV damage in keratinocytes triggers paracrine melanocyte stimulation,cell,epidermis,epidermis,UBERON:0001003,keratinocyte,keratinocyte,CL:0000312,ultraviolet radiation,,,increases,X secretion,alpha-melanocyte stimulating hormone,,,,,,,,,,"UV-induced p53 drives keratinocyte POMC transcription, making the keratinocyte the sensor and the melanocyte the effector",hours-days,intra-organ,paracrine,Fitzpatrick skin phototype,,,minimal erythema dose,,,,,,,,,ultraviolet exposure,,,endocrine system,endocrine process,GO:0050886,vitamin D synthesis,,,skin cancer risk,,,,,,,,,,,,,,,,,,,,,,,,,,,,
integumentary system,,,pigmentation,pigmentation,GO:0043473,melanin synthesis and transfer,melanin biosynthetic process,GO:0042438,epidermal melanin unit,,,,,,,,,,,,,,,,,cell,epidermis,epidermis,UBERON:0001003,melanocyte,melanocyte,CL:0000148,alpha-melanocyte stimulating hormone,,,increases,X conversion to Y,tyrosine,,,melanin,,,,,,,"MC1R signalling shifts synthesis toward eumelanin; loss-of-function variants give red hair, poor tanning and higher melanoma risk",days,paracrine,intra-organ,Fitzpatrick skin phototype,,,minimal erythema dose,,,,,,,,,ultraviolet exposure,,,endocrine system,endocrine process,GO:0050886,vitamin D synthesis,,,skin cancer risk,,,,,,,,,,,,,,,,,,,,,,,,,,,,
integumentary system,,,pigmentation,pigmentation,GO:0043473,melanin synthesis and transfer,melanin biosynthetic process,GO:0042438,epidermal melanin unit,,,,,,,,,,,,,,,the same shielding that lowers DNA damage also lowers cutaneous vitamin D synthesis for a given exposure,Epidermal melanin attenuates ultraviolet penetration to the proliferative basal layer,cell,epidermis,epidermis,UBERON:0001003,keratinocyte,keratinocyte,CL:0000312,melanin,,,decreases,transport of X from Y to Z,ultraviolet radiation,,,skin surface,,,basal layer,,,,"deeply pigmented skin transmits a small fraction of the UVB reaching lightly pigmented skin, corresponding to a modest intrinsic SPF",seconds,intra-organ,intra-organ,Fitzpatrick skin phototype,,,minimal erythema dose,,,,,,,,,ultraviolet exposure,,,endocrine system,endocrine process,GO:0050886,vitamin D synthesis,,,skin cancer risk,,,,,,,,,,,,,,,,,,,,,,,,,,,,
integumentary system,,,metabolic and endocrine function,metabolic process,GO:0008152,vitamin D synthesis,vitamin D biosynthetic process,GO:0042368,cutaneous photosynthesis of cholecalciferol,,,,,,,,,,,,,,,"thermal isomerisation to cholecalciferol then proceeds over hours; the reaction is self-limiting, so prolonged exposure does not cause toxicity",UVB photolysis of 7-dehydrocholesterol initiates vitamin D synthesis in the epidermis,cell,epidermis,epidermis,UBERON:0001003,keratinocyte,keratinocyte,CL:0000312,,,,does,X conversion to Y,7-dehydrocholesterol,,,previtamin D3,,,,,,,"UVB at 290-315 nm; the skin is the dominant source of vitamin D for most people, exceeding dietary intake",minutes-hours,,circulatory,serum 25-hydroxyvitamin D,25-hydroxyvitamin D3 [Mass/volume] in Serum or Plasma,LOINC:1989-3,serum calcium,,,,,,,,,hepatic 25-hydroxylation,,,renal 1-alpha-hydroxylation,,,bone metabolism,,,endocrine system,endocrine process,GO:0050886,,,,,,,,,,,,,,,,,,,,,,,,,,
integumentary system,,,metabolic and endocrine function,metabolic process,GO:0008152,vitamin D synthesis,vitamin D biosynthetic process,GO:0042368,cutaneous photosynthesis of cholecalciferol,,,,,,,,,,,,,,,,,cell,epidermis,epidermis,UBERON:0001003,keratinocyte,keratinocyte,CL:0000312,melanin,,,decreases,X conversion to Y,7-dehydrocholesterol,,,previtamin D3,,,,,,,higher constitutive pigmentation requires substantially longer exposure for equivalent synthesis,minutes-hours,intra-organ,circulatory,serum 25-hydroxyvitamin D,25-hydroxyvitamin D3 [Mass/volume] in Serum or Plasma,LOINC:1989-3,serum calcium,,,,,,,,,hepatic 25-hydroxylation,,,renal 1-alpha-hydroxylation,,,bone metabolism,,,endocrine system,endocrine process,GO:0050886,,,,,,,,,,,,,,,,,,,,,,,,,,
integumentary system,,,metabolic and endocrine function,metabolic process,GO:0008152,vitamin D synthesis,vitamin D biosynthetic process,GO:0042368,cutaneous photosynthesis of cholecalciferol,,,,,,,,,,,,,,,,,cell,epidermis,epidermis,UBERON:0001003,keratinocyte,keratinocyte,CL:0000312,age,,,decreases,X conversion to Y,7-dehydrocholesterol,,,previtamin D3,,,,,,,"epidermal 7-dehydrocholesterol content falls markedly with age, roughly halving by the eighth decade",minutes-hours,systemic,circulatory,serum 25-hydroxyvitamin D,25-hydroxyvitamin D3 [Mass/volume] in Serum or Plasma,LOINC:1989-3,serum calcium,,,,,,,,,hepatic 25-hydroxylation,,,renal 1-alpha-hydroxylation,,,bone metabolism,,,endocrine system,endocrine process,GO:0050886,,,,,,,,,,,,,,,,,,,,,,,,,,
integumentary system,,,metabolic and endocrine function,metabolic process,GO:0008152,vitamin D synthesis,vitamin D biosynthetic process,GO:0042368,cutaneous photosynthesis of cholecalciferol,,,,,,,,,,,,,,,,The epidermis metabolises xenobiotics reaching it through the surface,cell,epidermis,epidermis,UBERON:0001003,keratinocyte,keratinocyte,CL:0000312,,,,does,X conversion to Y,xenobiotic,,,oxidised metabolite,,,,,,,cutaneous CYP1A1 and CYP2B activity contributes to first-pass metabolism of topically applied compounds,minutes-hours,,intra-organ,serum 25-hydroxyvitamin D,25-hydroxyvitamin D3 [Mass/volume] in Serum or Plasma,LOINC:1989-3,serum calcium,,,,,,,,,hepatic 25-hydroxylation,,,renal 1-alpha-hydroxylation,,,bone metabolism,,,endocrine system,endocrine process,GO:0050886,,,,,,,,,,,,,,,,,,,,,,,,,,
integumentary system,,,metabolic and endocrine function,metabolic process,GO:0008152,vitamin D synthesis,vitamin D biosynthetic process,GO:0042368,cutaneous photosynthesis of cholecalciferol,,,,,,,,,,,,,,,this is the constraint that determines which drugs can be given transdermally at all,Percutaneous absorption carries lipophilic compounds through the corneum into the circulation,organ,skin,skin of body,UBERON:0002097,skin,,,,,,does,transport of X from Y to Z,lipophilic compound,,,skin surface,,,dermal capillary,,,,"the intercellular lipid route dominates; permeability favours small, moderately lipophilic molecules under ~500 Da",hours,,circulatory,serum 25-hydroxyvitamin D,25-hydroxyvitamin D3 [Mass/volume] in Serum or Plasma,LOINC:1989-3,serum calcium,,,,,,,,,hepatic 25-hydroxylation,,,renal 1-alpha-hydroxylation,,,bone metabolism,,,endocrine system,endocrine process,GO:0050886,,,,,,,,,,,,,,,,,,,,,,,,,,
integumentary system,,,metabolic and endocrine function,metabolic process,GO:0008152,vitamin D synthesis,vitamin D biosynthetic process,GO:0042368,cutaneous photosynthesis of cholecalciferol,,,,,,,,,,,,,,,,Subcutaneous adipose tissue stores lipid and insulates against heat loss,cell,dermis,dermis,UBERON:0002067,adipocyte,adipocyte,CL:0000136,,,,does,X storage,triacylglycerol,,,,,,,,,,"subcutaneous fat provides thermal insulation, mechanical cushioning and an energy reserve",days,,systemic,serum 25-hydroxyvitamin D,25-hydroxyvitamin D3 [Mass/volume] in Serum or Plasma,LOINC:1989-3,serum calcium,,,,,,,,,hepatic 25-hydroxylation,,,renal 1-alpha-hydroxylation,,,bone metabolism,,,endocrine system,endocrine process,GO:0050886,,,,,,,,,,,,,,,,,,,,,,,,,,
integumentary system,,,metabolic and endocrine function,metabolic process,GO:0008152,vitamin D synthesis,vitamin D biosynthetic process,GO:0042368,cutaneous photosynthesis of cholecalciferol,,,,,,,,,,,,,,,,Subcutaneous adipocytes contribute to the systemic adipokine signal,cell,dermis,dermis,UBERON:0002067,adipocyte,adipocyte,CL:0000136,,,,does,X secretion,leptin,,,,,,,,,,,hours-days,,circulatory,serum 25-hydroxyvitamin D,25-hydroxyvitamin D3 [Mass/volume] in Serum or Plasma,LOINC:1989-3,serum calcium,,,,,,,,,hepatic 25-hydroxylation,,,renal 1-alpha-hydroxylation,,,bone metabolism,,,endocrine system,endocrine process,GO:0050886,,,,,,,,,,,,,,,,,,,,,,,,,,
integumentary system,,,metabolic and endocrine function,metabolic process,GO:0008152,vitamin D synthesis,vitamin D biosynthetic process,GO:0042368,cutaneous photosynthesis of cholecalciferol,,,,,,,,,,,,,,,,The dermis serves as a reservoir for water and sodium,organ,skin,skin of body,UBERON:0002097,skin,,,,,,does,X storage,water and electrolytes,,,,,,,,,,the dermis holds a substantial interstitial reservoir; sodium can be stored in glycosaminoglycans osmotically inactive form,days,,systemic,serum 25-hydroxyvitamin D,25-hydroxyvitamin D3 [Mass/volume] in Serum or Plasma,LOINC:1989-3,serum calcium,,,,,,,,,hepatic 25-hydroxylation,,,renal 1-alpha-hydroxylation,,,bone metabolism,,,endocrine system,endocrine process,GO:0050886,,,,,,,,,,,,,,,,,,,,,,,,,,
integumentary system,,,thermoregulation,temperature homeostasis,GO:0001659,evaporative heat loss,sweat secretion,GO:0070254,eccrine sweat production and reabsorption,,,,,,,,,,,,,,,the primary secretion is essentially isotonic with plasma and is diluted only during ductal transit,Eccrine secretory coils produce an isotonic primary sweat,cell,sweat gland,sweat gland,UBERON:0001820,eccrine sweat gland secretory cell,,,,,,does,X secretion,sweat,,,,,,,,,"[0.5, 1.0]","units = L/h in an unacclimatised adult, rising to 2-4 L/h in a heat-acclimatised athlete; 2-4 million glands",minutes,,systemic,body temperature,Body temperature,LOINC:8310-5,sweat chloride,,,core temperature,,,,,,hypothalamic thermoregulation,,,cardiovascular system,blood circulation,GO:0008015,fluid and electrolyte balance,,,cystic fibrosis,,,,,,,,,,,,,,,,,,,,,,,,,,,,
integumentary system,,,thermoregulation,temperature homeostasis,GO:0001659,evaporative heat loss,sweat secretion,GO:0070254,eccrine sweat production and reabsorption,,,,,,,,,,,,,,,,,cell,sweat gland,sweat gland,UBERON:0001820,eccrine sweat gland secretory cell,,,acetylcholine,,,increases,X secretion,sweat,,,,,,,,,,"eccrine glands are sympathetically innervated but cholinergic, an anatomical exception to the usual pattern",seconds-minutes,systemic,systemic,body temperature,Body temperature,LOINC:8310-5,sweat chloride,,,core temperature,,,,,,hypothalamic thermoregulation,,,cardiovascular system,blood circulation,GO:0008015,fluid and electrolyte balance,,,cystic fibrosis,,,,,,,,,,,,,,,,,,,,,,,,,,,,
integumentary system,,,thermoregulation,temperature homeostasis,GO:0001659,evaporative heat loss,sweat secretion,GO:0070254,eccrine sweat production and reabsorption,,,,,,,,,,,,,,,"CFTR mediates ductal chloride reabsorption, which is why a sweat chloride above 60 mEq/L is diagnostic of cystic fibrosis","The eccrine duct reclaims sodium and chloride, rendering sweat hypotonic",cell,sweat gland,sweat gland,UBERON:0001820,eccrine sweat gland ductal cell,,,,,,does,X uptake,sodium chloride,,,,,,,,,"[10, 60]","units = mEq/L final sweat sodium; the duct reabsorbs NaCl without water, so sweat leaves hypotonic",minutes,,intra-organ,body temperature,Body temperature,LOINC:8310-5,sweat chloride,,,core temperature,,,,,,hypothalamic thermoregulation,,,cardiovascular system,blood circulation,GO:0008015,fluid and electrolyte balance,,,cystic fibrosis,,,,,,,,,,,,,,,,,,,,,,,,,,,,
integumentary system,,,thermoregulation,temperature homeostasis,GO:0001659,evaporative heat loss,sweat secretion,GO:0070254,eccrine sweat production and reabsorption,,,,,,,,,,,,,,,,,cell,sweat gland,sweat gland,UBERON:0001820,eccrine sweat gland ductal cell,,,aldosterone,,,increases,X uptake,sodium chloride,,,,,,,,,,heat acclimatisation over 7-14 days lowers sweat sodium substantially at any given sweat rate,days,circulatory,intra-organ,body temperature,Body temperature,LOINC:8310-5,sweat chloride,,,core temperature,,,,,,hypothalamic thermoregulation,,,cardiovascular system,blood circulation,GO:0008015,fluid and electrolyte balance,,,cystic fibrosis,,,,,,,,,,,,,,,,,,,,,,,,,,,,
integumentary system,,,thermoregulation,temperature homeostasis,GO:0001659,evaporative heat loss,sweat secretion,GO:0070254,eccrine sweat production and reabsorption,,,,,,,,,,,,,,,"high ambient humidity blocks evaporation and is why wet-bulb temperature, not air temperature, sets the physiological limit",Evaporation of sweat is the principal avenue of heat loss during heat stress,organ,skin,skin of body,UBERON:0002097,skin,,,,,,does,X export,heat,,,,,,,,,,evaporation of 1 L of sweat removes roughly 580 kcal; the only effective route once ambient temperature exceeds skin temperature,minutes,,systemic,body temperature,Body temperature,LOINC:8310-5,sweat chloride,,,core temperature,,,,,,hypothalamic thermoregulation,,,cardiovascular system,blood circulation,GO:0008015,fluid and electrolyte balance,,,cystic fibrosis,,,,,,,,,,,,,,,,,,,,,,,,,,,,
integumentary system,,,thermoregulation,temperature homeostasis,GO:0001659,cutaneous vascular control,vasodilation,GO:0042311,skin blood flow and convective heat transfer,,,,,,,,,,,,,,,"the skin circulation is the largest single lever the body has over heat balance, and competes with muscle for cardiac output during exercise in the heat",Cutaneous arteriolar tone sets the rate of convective heat delivery to the surface,cell,blood vessel,blood vessel,UBERON:0001981,smooth muscle cell,smooth muscle cell,CL:0000192,,,,does,contraction,,,,,,,,,,"[200, 500]","units = mL/min baseline skin blood flow, capable of rising to 6-8 L/min in maximal heat stress",seconds,,intra-organ,body temperature,Body temperature,LOINC:8310-5,core temperature,,,skin blood flow,,,,,,hypothalamic thermoregulation,,,cardiovascular system,blood circulation,GO:0008015,sympathetic nervous system,,,blood pressure regulation,,,,,,,,,,,,,,,,,,,,,,,,,,,,
integumentary system,,,thermoregulation,temperature homeostasis,GO:0001659,cutaneous vascular control,vasodilation,GO:0042311,skin blood flow and convective heat transfer,,,,,,,,,,,,,,,,,cell,blood vessel,blood vessel,UBERON:0001981,smooth muscle cell,smooth muscle cell,CL:0000192,norepinephrine,,,increases,contraction X,force,,,,,,,,,,"cold-induced vasoconstriction can reduce skin blood flow nearly to zero, converting the shell into insulation",seconds,systemic,intra-organ,body temperature,Body temperature,LOINC:8310-5,core temperature,,,skin blood flow,,,,,,hypothalamic thermoregulation,,,cardiovascular system,blood circulation,GO:0008015,sympathetic nervous system,,,blood pressure regulation,,,,,,,,,,,,,,,,,,,,,,,,,,,,
integumentary system,,,thermoregulation,temperature homeostasis,GO:0001659,cutaneous vascular control,vasodilation,GO:0042311,skin blood flow and convective heat transfer,,,,,,,,,,,,,,,,,cell,blood vessel,blood vessel,UBERON:0001981,smooth muscle cell,smooth muscle cell,CL:0000192,core body temperature,,,decreases,contraction X,force,,,,,,,,,,active vasodilatation in non-glabrous skin is cholinergic and co-released with the sweating signal,seconds-minutes,systemic,intra-organ,body temperature,Body temperature,LOINC:8310-5,core temperature,,,skin blood flow,,,,,,hypothalamic thermoregulation,,,cardiovascular system,blood circulation,GO:0008015,sympathetic nervous system,,,blood pressure regulation,,,,,,,,,,,,,,,,,,,,,,,,,,,,
integumentary system,,,thermoregulation,temperature homeostasis,GO:0001659,cutaneous vascular control,vasodilation,GO:0042311,skin blood flow and convective heat transfer,,,,,,,,,,,,,,,,Glabrous skin arteriovenous anastomoses open as dedicated heat-dumping shunts,cell,blood vessel,blood vessel,UBERON:0001981,arteriovenous anastomosis smooth muscle cell,,,core body temperature,,,decreases,contraction X,force,,,,,,,,,,"AVAs in glabrous skin of palms, soles and face act as high-capacity thermal shunts under purely sympathetic control",seconds,systemic,intra-organ,body temperature,Body temperature,LOINC:8310-5,core temperature,,,skin blood flow,,,,,,hypothalamic thermoregulation,,,cardiovascular system,blood circulation,GO:0008015,sympathetic nervous system,,,blood pressure regulation,,,,,,,,,,,,,,,,,,,,,,,,,,,,
integumentary system,,,thermoregulation,temperature homeostasis,GO:0001659,cutaneous vascular control,vasodilation,GO:0042311,skin blood flow and convective heat transfer,,,,,,,,,,,,,,,,Arrector pili contraction erects the hair shaft,cell,hair follicle,hair follicle,UBERON:0002073,smooth muscle cell,smooth muscle cell,CL:0000192,norepinephrine,,,increases,contraction X,force,,,,,,,,,,arrector pili contraction produces piloerection; effective insulation in furred mammals and vestigial in humans,seconds,systemic,intra-organ,body temperature,Body temperature,LOINC:8310-5,core temperature,,,skin blood flow,,,,,,hypothalamic thermoregulation,,,cardiovascular system,blood circulation,GO:0008015,sympathetic nervous system,,,blood pressure regulation,,,,,,,,,,,,,,,,,,,,,,,,,,,,
integumentary system,,,somatosensation,sensory perception of touch,GO:0050975,mechanoreception,sensory perception of touch,GO:0050975,cutaneous mechanoreceptor transduction,,,,,,,,,,,,,,,"two-point discrimination is 2-4 mm at the fingertip and over 40 mm on the back, tracking receptor density",Merkel cells transduce sustained skin indentation onto sensory afferents,cell,epidermis,epidermis,UBERON:0001003,Merkel cell,Merkel cell,CL:0000242,,,,does,X secretion,neurotransmitter,,,,,,,,,,"slowly adapting type I; encodes sustained indentation, edges and texture, and underlies fine spatial acuity",milliseconds-seconds,,paracrine,two-point discrimination,,,monofilament testing,,,vibration threshold,,,,,,peripheral nervous system,,,somatosensory cortex,,,peripheral neuropathy,,,,,,,,,,,,,,,,,,,,,,,,,,,,,,,
integumentary system,,,somatosensation,sensory perception of touch,GO:0050975,mechanoreception,sensory perception of touch,GO:0050975,cutaneous mechanoreceptor transduction,,,,,,,,,,,,,,,,,cell,epidermis,epidermis,UBERON:0001003,Merkel cell,Merkel cell,CL:0000242,skin indentation,,,increases,X secretion,neurotransmitter,,,,,,,,,,Piezo2-dependent mechanotransduction,milliseconds,intra-organ,paracrine,two-point discrimination,,,monofilament testing,,,vibration threshold,,,,,,peripheral nervous system,,,somatosensory cortex,,,peripheral neuropathy,,,,,,,,,,,,,,,,,,,,,,,,,,,,,,,
integumentary system,,,somatosensation,sensory perception of touch,GO:0050975,mechanoreception,sensory perception of touch,GO:0050975,cutaneous mechanoreceptor transduction,,,,,,,,,,,,,,,,Meissner corpuscles signal dynamic skin deformation and low-frequency vibration,cell,dermis,dermis,UBERON:0002067,Meissner corpuscle lamellar cell,,,low-frequency vibration,,,increases,X secretion,neurotransmitter,,,,,,,,,,"rapidly adapting; tuned to roughly 5-50 Hz, dense in glabrous skin, and central to grip control and slip detection",milliseconds,intra-organ,paracrine,two-point discrimination,,,monofilament testing,,,vibration threshold,,,,,,peripheral nervous system,,,somatosensory cortex,,,peripheral neuropathy,,,,,,,,,,,,,,,,,,,,,,,,,,,,,,,
integumentary system,,,somatosensation,sensory perception of touch,GO:0050975,mechanoreception,sensory perception of touch,GO:0050975,cutaneous mechanoreceptor transduction,,,,,,,,,,,,,,,,Pacinian corpuscles detect high-frequency vibration transmitted through tissue and tools,cell,dermis,dermis,UBERON:0002067,Pacinian corpuscle lamellar cell,,,high-frequency vibration,,,increases,X secretion,neurotransmitter,,,,,,,,,,tuned to 60-400 Hz with peak sensitivity near 250 Hz; the onion-like capsule filters out static pressure,milliseconds,intra-organ,paracrine,two-point discrimination,,,monofilament testing,,,vibration threshold,,,,,,peripheral nervous system,,,somatosensory cortex,,,peripheral neuropathy,,,,,,,,,,,,,,,,,,,,,,,,,,,,,,,
integumentary system,,,somatosensation,sensory perception of touch,GO:0050975,mechanoreception,sensory perception of touch,GO:0050975,cutaneous mechanoreceptor transduction,,,,,,,,,,,,,,,,Ruffini endings signal sustained skin stretch and directional strain,cell,dermis,dermis,UBERON:0002067,Ruffini ending cell,,,skin stretch,,,increases,X secretion,neurotransmitter,,,,,,,,,,slowly adapting type II; contributes to proprioception of hand shape and finger position,milliseconds-seconds,intra-organ,paracrine,two-point discrimination,,,monofilament testing,,,vibration threshold,,,,,,peripheral nervous system,,,somatosensory cortex,,,peripheral neuropathy,,,,,,,,,,,,,,,,,,,,,,,,,,,,,,,
integumentary system,,,somatosensation,sensory perception of touch,GO:0050975,nociception and thermoreception,sensory perception of pain,GO:0019233,free nerve ending transduction and neurogenic inflammation,,,,,,,,,,,,,,,"antidromic release from the same fibres produces the axon reflex flare, making the sensory neuron an immune effector as well as a sensor",Nociceptor terminals both signal injury centrally and release neuropeptides locally,cell,epidermis,epidermis,UBERON:0001003,nociceptive sensory neuron,,,noxious heat,,,increases,X secretion,substance P and CGRP,,,,,,,,,,TRPV1 activation above about 43 C; the same channel is opened by capsaicin and by low pH,milliseconds-seconds,intra-organ,paracrine,quantitative sensory testing,,,pain score,,,,,,,,,peripheral nervous system,,,immune system,immune system process,GO:0002376,neurogenic inflammation,,,pruritus,,,,,,,,,,,,,,,,,,,,,,,,,,,,
integumentary system,,,somatosensation,sensory perception of touch,GO:0050975,nociception and thermoreception,sensory perception of pain,GO:0019233,free nerve ending transduction and neurogenic inflammation,,,,,,,,,,,,,,,,,cell,epidermis,epidermis,UBERON:0001003,nociceptive sensory neuron,,,noxious cold,,,increases,X secretion,substance P and CGRP,,,,,,,,,,TRPM8 responds below about 25 C and to menthol; TRPA1 mediates noxious cold and irritant chemical sensing,milliseconds-seconds,intra-organ,paracrine,quantitative sensory testing,,,pain score,,,,,,,,,peripheral nervous system,,,immune system,immune system process,GO:0002376,neurogenic inflammation,,,pruritus,,,,,,,,,,,,,,,,,,,,,,,,,,,,
integumentary system,,,somatosensation,sensory perception of touch,GO:0050975,nociception and thermoreception,sensory perception of pain,GO:0019233,free nerve ending transduction and neurogenic inflammation,,,,,,,,,,,,,,,,Neuropeptide release produces vasodilatation and plasma extravasation in the surrounding skin,cell,dermis,dermis,UBERON:0002067,blood vessel,,,substance P,,,increases,transport of X from Y to Z,plasma proteins,,,blood,,,dermal interstitium,,,,the flare and weal of the triple response follow directly from neuropeptide release and mast cell degranulation,seconds-minutes,paracrine,intra-organ,quantitative sensory testing,,,pain score,,,,,,,,,peripheral nervous system,,,immune system,immune system process,GO:0002376,neurogenic inflammation,,,pruritus,,,,,,,,,,,,,,,,,,,,,,,,,,,,
integumentary system,,,somatosensation,sensory perception of touch,GO:0050975,nociception and thermoreception,sensory perception of pain,GO:0019233,free nerve ending transduction and neurogenic inflammation,,,,,,,,,,,,,,,,Distinct pruriceptive afferents signal itch rather than pain,cell,epidermis,epidermis,UBERON:0001003,pruriceptive sensory neuron,,,histamine,,,increases,X secretion,neurotransmitter,,,,,,,,,,"histaminergic itch is only one pathway; IL-31 and protease-activated pathways account for much chronic pruritus, which is why antihistamines often fail",seconds,paracrine,paracrine,quantitative sensory testing,,,pain score,,,,,,,,,peripheral nervous system,,,immune system,immune system process,GO:0002376,neurogenic inflammation,,,pruritus,,,,,,,,,,,,,,,,,,,,,,,,,,,,
integumentary system,,,somatosensation,sensory perception of touch,GO:0050975,nociception and thermoreception,sensory perception of pain,GO:0019233,free nerve ending transduction and neurogenic inflammation,,,,,,,,,,,,,,,,Keratinocyte ATP release couples epidermal stimuli to sensory afferents,cell,epidermis,epidermis,UBERON:0001003,keratinocyte,keratinocyte,CL:0000312,,,,does,X secretion,adenosine triphosphate,,,,,,,,,,"keratinocytes are themselves sensory transducers, relaying mechanical and thermal stimuli to adjacent nerve terminals",milliseconds-seconds,,paracrine,quantitative sensory testing,,,pain score,,,,,,,,,peripheral nervous system,,,immune system,immune system process,GO:0002376,neurogenic inflammation,,,pruritus,,,,,,,,,,,,,,,,,,,,,,,,,,,,
integumentary system,,,appendage function,,,hair follicle cycling,hair follicle development,GO:0001942,"growth, regression and rest",,,,,,,,,,,,,,,this proliferative rate is why anagen follicles are so vulnerable to cytotoxic chemotherapy,Matrix keratinocytes proliferate and keratinise to extrude the hair shaft,cell,hair follicle,hair follicle,UBERON:0002073,hair matrix keratinocyte,,,,,,does,X synthesis,hair shaft,,,,,,,,,"[0.3, 0.4]",units = mm/day scalp hair growth; matrix keratinocytes are among the fastest-dividing cells in the body,days,,intra-organ,hair pull test,,,trichogram,,,scalp biopsy,,,,,,endocrine system,endocrine process,GO:0050886,androgen signalling,,,epidermal stem cells,,,nutritional status,,,,,,,,,,,,,,,,,,,,,,,,,,,,
integumentary system,,,appendage function,,,hair follicle cycling,hair follicle development,GO:0001942,"growth, regression and rest",,,,,,,,,,,,,,,"human follicles cycle asynchronously, which is why hair is shed continuously rather than moulted","Follicles cycle between growth, regression and rest independently of one another",cell,hair follicle,hair follicle,UBERON:0002073,hair follicle cell,,,,,,does,X conversion to Y,anagen follicle,,,telogen follicle,,,,,,,"anagen 2-6 years, catagen 2-3 weeks, telogen ~3 months; 85-90% of scalp follicles are in anagen at any time, and 50-100 hairs shed daily",days,,intra-organ,hair pull test,,,trichogram,,,scalp biopsy,,,,,,endocrine system,endocrine process,GO:0050886,androgen signalling,,,epidermal stem cells,,,nutritional status,,,,,,,,,,,,,,,,,,,,,,,,,,,,
integumentary system,,,appendage function,,,hair follicle cycling,hair follicle development,GO:0001942,"growth, regression and rest",,,,,,,,,,,,,,,,,cell,hair follicle,hair follicle,UBERON:0002073,hair follicle cell,,,physiological stress,,,increases,X conversion to Y,anagen follicle,,,telogen follicle,,,,,,,"fever, childbirth, surgery or severe illness synchronises follicles into telogen, producing shedding 2-3 months later",days,systemic,intra-organ,hair pull test,,,trichogram,,,scalp biopsy,,,,,,endocrine system,endocrine process,GO:0050886,androgen signalling,,,epidermal stem cells,,,nutritional status,,,,,,,,,,,,,,,,,,,,,,,,,,,,
integumentary system,,,appendage function,,,hair follicle cycling,hair follicle development,GO:0001942,"growth, regression and rest",,,,,,,,,,,,,,,,Dermal papilla signalling governs follicle size and cycle duration,cell,hair follicle,hair follicle,UBERON:0002073,dermal papilla cell,,,,,,does,X secretion,growth factors,,,,,,,,,,the dermal papilla is the inductive signalling centre that determines follicle size and anagen duration,days,,paracrine,hair pull test,,,trichogram,,,scalp biopsy,,,,,,endocrine system,endocrine process,GO:0050886,androgen signalling,,,epidermal stem cells,,,nutritional status,,,,,,,,,,,,,,,,,,,,,,,,,,,,
integumentary system,,,appendage function,,,hair follicle cycling,hair follicle development,GO:0001942,"growth, regression and rest",,,,,,,,,,,,,,,"this site-specific opposite response to one hormone is determined by the dermal papilla, not by the androgen",,cell,hair follicle,hair follicle,UBERON:0002073,dermal papilla cell,,,dihydrotestosterone,,,decreases,X secretion,growth factors,,,,,,,,,,"in genetically susceptible scalp follicles androgen shortens anagen and miniaturises the follicle, while in beard and axillary follicles the same signal does the opposite",days,circulatory,paracrine,hair pull test,,,trichogram,,,scalp biopsy,,,,,,endocrine system,endocrine process,GO:0050886,androgen signalling,,,epidermal stem cells,,,nutritional status,,,,,,,,,,,,,,,,,,,,,,,,,,,,
integumentary system,,,appendage function,,,hair follicle cycling,hair follicle development,GO:0001942,"growth, regression and rest",,,,,,,,,,,,,,,this reservoir is why partial-thickness wounds with intact follicles re-epithelialise without grafting,Bulge stem cells supply both the cycling follicle and epidermal repair,cell,hair follicle,hair follicle,UBERON:0002073,hair follicle stem cell,,,,,,does,X synthesis,keratinocyte,,,,,,,,,,bulge stem cells regenerate the follicle each cycle and also repopulate interfollicular epidermis after wounding,days,,intra-organ,hair pull test,,,trichogram,,,scalp biopsy,,,,,,endocrine system,endocrine process,GO:0050886,androgen signalling,,,epidermal stem cells,,,nutritional status,,,,,,,,,,,,,,,,,,,,,,,,,,,,
integumentary system,,,appendage function,,,hair follicle cycling,hair follicle development,GO:0001942,"growth, regression and rest",,,,,,,,,,,,,,,,Follicular melanocytes pigment the growing hair shaft during anagen only,cell,hair follicle,hair follicle,UBERON:0002073,melanocyte,melanocyte,CL:0000148,,,,does,transport of X from Y to Z,melanosome,,,melanocyte,,,hair matrix keratinocyte,,,,follicular melanocytes are active only during anagen; exhaustion of the melanocyte stem cell pool produces greying,days,,intra-organ,hair pull test,,,trichogram,,,scalp biopsy,,,,,,endocrine system,endocrine process,GO:0050886,androgen signalling,,,epidermal stem cells,,,nutritional status,,,,,,,,,,,,,,,,,,,,,,,,,,,,
integumentary system,,,appendage function,,,glandular and nail function,,,sebum production and nail growth,,,,,,,,,,,,,,,"sebum composition is unusual, containing squalene and wax esters found nowhere else in the body",Sebocytes mature and disintegrate to release sebum into the follicular canal,cell,sebaceous gland,sebaceous gland,UBERON:0001821,sebaceous gland cell,,,,,,does,X secretion,sebum,,,,,,,,,,"holocrine secretion: the entire cell disintegrates to release its lipid, with a transit of roughly 7-14 days",days,,intra-organ,sebum excretion rate,,,nail growth rate,,,,,,,,,endocrine system,endocrine process,GO:0050886,skin microbiota,,,androgen signalling,,,acne vulgaris,,,,,,,,,,,,,,,,,,,,,,,,,,,,
integumentary system,,,appendage function,,,glandular and nail function,,,sebum production and nail growth,,,,,,,,,,,,,,,,,cell,sebaceous gland,sebaceous gland,UBERON:0001821,sebaceous gland cell,,,androgens,,,increases,X secretion,sebum,,,,,,,,,,"sebum output is minimal before adrenarche and rises sharply at puberty, tracking androgen exposure",days,circulatory,intra-organ,sebum excretion rate,,,nail growth rate,,,,,,,,,endocrine system,endocrine process,GO:0050886,skin microbiota,,,androgen signalling,,,acne vulgaris,,,,,,,,,,,,,,,,,,,,,,,,,,,,
integumentary system,,,appendage function,,,glandular and nail function,,,sebum production and nail growth,,,,,,,,,,,,,,,"apocrine glands are adrenergically driven and become functional only at puberty, in contrast to eccrine glands",Apocrine glands discharge a protein-rich secretion into the hair follicle,cell,sweat gland,sweat gland,UBERON:0001820,apocrine sweat gland cell,,,,,,does,X secretion,apocrine sweat,,,,,,,,,,opens into the follicular canal rather than the surface; the secretion is odourless until bacterially metabolised,minutes-hours,,intra-organ,sebum excretion rate,,,nail growth rate,,,,,,,,,endocrine system,endocrine process,GO:0050886,skin microbiota,,,androgen signalling,,,acne vulgaris,,,,,,,,,,,,,,,,,,,,,,,,,,,,
integumentary system,,,appendage function,,,glandular and nail function,,,sebum production and nail growth,,,,,,,,,,,,,,,"the slow, ordered growth makes the nail plate a running record of systemic insult, as in Beau lines and Mees lines",Nail matrix keratinocytes cornify into the hard keratin of the nail plate,cell,epidermis,epidermis,UBERON:0001003,nail matrix keratinocyte,,,,,,does,X synthesis,nail plate,,,,,,,,,"[2, 3]",units = mm/month for fingernails; toenails grow at roughly a third of that rate,days,,intra-organ,sebum excretion rate,,,nail growth rate,,,,,,,,,endocrine system,endocrine process,GO:0050886,skin microbiota,,,androgen signalling,,,acne vulgaris,,,,,,,,,,,,,,,,,,,,,,,,,,,,
integumentary system,,,wound repair,wound healing,GO:0042060,haemostasis and inflammation,wound healing,GO:0042060,early wound response,,,,,,,,,,,,,,,the fibrin clot is not only haemostatic but the scaffold along which the first cells migrate,Platelet degranulation initiates repair within minutes of injury,cell,blood,blood,UBERON:0000178,platelet,platelet,CL:0000233,,,,does,X secretion,platelet-derived growth factor,,,,,,,,,,"degranulation within minutes provides the first chemotactic and mitogenic signals, alongside the fibrin provisional matrix",minutes-hours,,intra-organ,wound surface area,,,wound tensile strength,,,,,,,,,immune system,immune system process,GO:0002376,coagulation,,,cardiovascular system,blood circulation,GO:0008015,diabetes mellitus,,,,,,,,,,,,,,,,,,,,,,,,,,,,
integumentary system,,,wound repair,wound healing,GO:0042060,haemostasis and inflammation,wound healing,GO:0042060,early wound response,,,,,,,,,,,,,,,,Neutrophils are the first leukocytes recruited into the wound,cell,dermis,dermis,UBERON:0002067,neutrophil,neutrophil,CL:0000775,,,,does,transport of X from Y to Z,neutrophil,,,blood,,,wound bed,,,,"peaks at 24-48 h; debrides and kills, and its clearance is a prerequisite for progression to repair",hours-days,,intra-organ,wound surface area,,,wound tensile strength,,,,,,,,,immune system,immune system process,GO:0002376,coagulation,,,cardiovascular system,blood circulation,GO:0008015,diabetes mellitus,,,,,,,,,,,,,,,,,,,,,,,,,,,,
integumentary system,,,wound repair,wound healing,GO:0042060,haemostasis and inflammation,wound healing,GO:0042060,early wound response,,,,,,,,,,,,,,,failure of this transition is a defining feature of chronic non-healing wounds,Macrophages clear the wound and orchestrate the transition to proliferation,cell,dermis,dermis,UBERON:0002067,macrophage,macrophage,CL:0000235,,,,does,X uptake,apoptotic neutrophils and debris,,,,,,,,,,peaks at 2-3 days; efferocytosis switches the macrophage from an inflammatory to a reparative programme,days,,intra-organ,wound surface area,,,wound tensile strength,,,,,,,,,immune system,immune system process,GO:0002376,coagulation,,,cardiovascular system,blood circulation,GO:0008015,diabetes mellitus,,,,,,,,,,,,,,,,,,,,,,,,,,,,
integumentary system,,,wound repair,wound healing,GO:0042060,haemostasis and inflammation,wound healing,GO:0042060,early wound response,,,,,,,,,,,,,,,,Wound macrophages release the growth factors that drive angiogenesis and fibroplasia,cell,dermis,dermis,UBERON:0002067,macrophage,macrophage,CL:0000235,,,,does,X secretion,vascular endothelial growth factor,,,,,,,,,,,days,,paracrine,wound surface area,,,wound tensile strength,,,,,,,,,immune system,immune system process,GO:0002376,coagulation,,,cardiovascular system,blood circulation,GO:0008015,diabetes mellitus,,,,,,,,,,,,,,,,,,,,,,,,,,,,
integumentary system,,,wound repair,wound healing,GO:0042060,proliferation and remodelling,wound healing,GO:0042060,"re-epithelialisation, granulation and maturation",,,,,,,,,,,,,,,"migration requires a moist wound bed, which is the physiological basis for occlusive dressings",Keratinocytes migrate from the wound margin to resurface the defect,cell,epidermis,epidermis,UBERON:0001003,keratinocyte,keratinocyte,CL:0000312,,,,does,transport of X from Y to Z,keratinocyte,,,wound edge,,,wound bed,,,,migration begins within hours and proceeds as a sheet; a clean incised wound is sealed within 24-48 h,hours-days,,intra-organ,wound surface area,,,wound tensile strength,,,scar assessment scale,,,,,,epidermal stem cells,,,cardiovascular system,blood circulation,GO:0008015,nutritional status,,,hypertrophic scarring,,,,,,,,,,,,,,,,,,,,,,,,,,,,
integumentary system,,,wound repair,wound healing,GO:0042060,proliferation and remodelling,wound healing,GO:0042060,"re-epithelialisation, granulation and maturation",,,,,,,,,,,,,,,,,cell,epidermis,epidermis,UBERON:0001003,keratinocyte,keratinocyte,CL:0000312,loss of contact inhibition,,,increases,transport of X from Y to Z,keratinocyte,,,wound edge,,,wound bed,,,,"migration ceases when advancing sheets meet, restoring contact inhibition and triggering differentiation",hours-days,intra-organ,intra-organ,wound surface area,,,wound tensile strength,,,scar assessment scale,,,,,,epidermal stem cells,,,cardiovascular system,blood circulation,GO:0008015,nutritional status,,,hypertrophic scarring,,,,,,,,,,,,,,,,,,,,,,,,,,,,
integumentary system,,,wound repair,wound healing,GO:0042060,proliferation and remodelling,wound healing,GO:0042060,"re-epithelialisation, granulation and maturation",,,,,,,,,,,,,,,,Endothelial sprouting builds the capillary bed of granulation tissue,cell,dermis,dermis,UBERON:0002067,endothelial cell,endothelial cell,CL:0000115,,,,does,X synthesis,blood vessel,,,,,,,,,,"granulation tissue is defined by its dense new capillary network, which gives it its red granular appearance",days,,intra-organ,wound surface area,,,wound tensile strength,,,scar assessment scale,,,,,,epidermal stem cells,,,cardiovascular system,blood circulation,GO:0008015,nutritional status,,,hypertrophic scarring,,,,,,,,,,,,,,,,,,,,,,,,,,,,
integumentary system,,,wound repair,wound healing,GO:0042060,proliferation and remodelling,wound healing,GO:0042060,"re-epithelialisation, granulation and maturation",,,,,,,,,,,,,,,,,cell,dermis,dermis,UBERON:0002067,endothelial cell,endothelial cell,CL:0000115,vascular endothelial growth factor,,,increases,X synthesis,blood vessel,,,,,,,,,,"hypoxia in the wound centre is itself the stimulus for VEGF release, closing a self-correcting loop",days,paracrine,intra-organ,wound surface area,,,wound tensile strength,,,scar assessment scale,,,,,,epidermal stem cells,,,cardiovascular system,blood circulation,GO:0008015,nutritional status,,,hypertrophic scarring,,,,,,,,,,,,,,,,,,,,,,,,,,,,
integumentary system,,,wound repair,wound healing,GO:0042060,proliferation and remodelling,wound healing,GO:0042060,"re-epithelialisation, granulation and maturation",,,,,,,,,,,,,,,,Wound fibroblasts deposit a provisional collagen matrix,cell,dermis,dermis,UBERON:0002067,fibroblast,fibroblast,CL:0000057,,,,does,X secretion,type III collagen,,,,,,,,,,the provisional matrix is type III-rich from about day 3 through week 3,days,,intra-organ,wound surface area,,,wound tensile strength,,,scar assessment scale,,,,,,epidermal stem cells,,,cardiovascular system,blood circulation,GO:0008015,nutritional status,,,hypertrophic scarring,,,,,,,,,,,,,,,,,,,,,,,,,,,,
integumentary system,,,wound repair,wound healing,GO:0042060,proliferation and remodelling,wound healing,GO:0042060,"re-epithelialisation, granulation and maturation",,,,,,,,,,,,,,,,TGF-beta and mechanical load convert fibroblasts into contractile myofibroblasts,cell,dermis,dermis,UBERON:0002067,fibroblast,fibroblast,CL:0000057,transforming growth factor beta,,,increases,X conversion to Y,fibroblast,,,myofibroblast,,,,,,,mechanical tension in the wound bed is a co-requirement with TGF-beta for the transition,days,paracrine,intra-organ,wound surface area,,,wound tensile strength,,,scar assessment scale,,,,,,epidermal stem cells,,,cardiovascular system,blood circulation,GO:0008015,nutritional status,,,hypertrophic scarring,,,,,,,,,,,,,,,,,,,,,,,,,,,,
integumentary system,,,wound repair,wound healing,GO:0042060,proliferation and remodelling,wound healing,GO:0042060,"re-epithelialisation, granulation and maturation",,,,,,,,,,,,,,,,Myofibroblast contraction draws the wound margins together,cell,dermis,dermis,UBERON:0002067,myofibroblast,myofibroblast cell,CL:0000186,,,,does,contraction,,,,,,,,,,,"wound contraction can reduce open wound area by 40-80%, and produces contracture when excessive across a joint",days,,intra-organ,wound surface area,,,wound tensile strength,,,scar assessment scale,,,,,,epidermal stem cells,,,cardiovascular system,blood circulation,GO:0008015,nutritional status,,,hypertrophic scarring,,,,,,,,,,,,,,,,,,,,,,,,,,,,
integumentary system,,,wound repair,wound healing,GO:0042060,proliferation and remodelling,wound healing,GO:0042060,"re-epithelialisation, granulation and maturation",,,,,,,,,,,,,,,scar is a functional compromise: the original collagen architecture and appendages are not regenerated,Collagen is progressively replaced and cross-linked during scar maturation,cell,dermis,dermis,UBERON:0002067,fibroblast,fibroblast,CL:0000057,,,,does,X conversion to Y,type III collagen,,,type I collagen,,,,,,,remodelling continues up to a year; tensile strength plateaus near 70-80% of unwounded skin and never fully recovers,days,,intra-organ,wound surface area,,,wound tensile strength,,,scar assessment scale,,,,,,epidermal stem cells,,,cardiovascular system,blood circulation,GO:0008015,nutritional status,,,hypertrophic scarring,,,,,,,,,,,,,,,,,,,,,,,,,,,,
integumentary system,,,wound repair,wound healing,GO:0042060,proliferation and remodelling,wound healing,GO:0042060,"re-epithelialisation, granulation and maturation",,,,,,,,,,,,,,,,Ultraviolet exposure shifts dermal collagen balance toward net degradation,cell,dermis,dermis,UBERON:0002067,fibroblast,fibroblast,CL:0000057,ultraviolet radiation,,,decreases,X secretion,type I collagen,,,,,,,,,,"chronic UV exposure induces matrix metalloproteinases and suppresses procollagen synthesis, producing photoaged dermal atrophy",days,intra-organ,intra-organ,wound surface area,,,wound tensile strength,,,scar assessment scale,,,,,,epidermal stem cells,,,cardiovascular system,blood circulation,GO:0008015,nutritional status,,,hypertrophic scarring,,,,,,,,,,,,,,,,,,,,,,,,,,,,